[{"model": "pages.page", "pk": 1, "fields": {"order": 0, "name": "home", "title": "casa", "title_it": "casa", "title_en": "home", "navigation": false, "layout": 1}}, {"model": "pages.page", "pk": 2, "fields": {"order": 2, "name": "get-involved", "title": "partecipa", "title_it": "partecipa", "title_en": "get involved", "navigation": true, "layout": 1}}, {"model": "pages.page", "pk": 4, "fields": {"order": 3, "name": "projects", "title": "progetti", "title_it": "progetti", "title_en": "projects", "navigation": true, "layout": 1}}, {"model": "pages.page", "pk": 5, "fields": {"order": 5, "name": "donations", "title": "donations", "title_it": "donations", "title_en": null, "navigation": false, "layout": 1}}, {"model": "pages.page", "pk": 6, "fields": {"order": 1, "name": "about", "title": "chi e cosa", "title_it": "chi e cosa", "title_en": "who and what", "navigation": true, "layout": 1}}, {"model": "pages.page", "pk": 8, "fields": {"order": 4, "name": "donations--5x1000", "title": "5x1000", "title_it": "5x1000", "title_en": null, "navigation": true, "layout": 1}}, {"model": "pages.page", "pk": 9, "fields": {"order": 6, "name": "contacts", "title": "contatti", "title_it": "contatti", "title_en": null, "navigation": false, "layout": 1}}, {"model": "pages.page", "pk": 10, "fields": {"order": 7, "name": "projects--details", "title": "Dettagli del progetto", "title_it": "Dettagli del progetto", "title_en": null, "navigation": false, "layout": 1}}, {"model": "pages.section", "pk": 1, "fields": {"page": 1, "order": 0, "title": null, "title_it": null, "title_en": null, "subtitle": null, "subtitle_it": null, "subtitle_en": null}}, {"model": "pages.section", "pk": 2, "fields": {"page": 1, "order": 1, "title": "il funzionamento", "title_it": "il funzionamento", "title_en": "how it works", "subtitle": null, "subtitle_it": null, "subtitle_en": null}}, {"model": "pages.section", "pk": 3, "fields": {"page": 1, "order": 2, "title": "i nostri impatti", "title_it": "i nostri impatti", "title_en": "our impatcs", "subtitle": null, "subtitle_it": null, "subtitle_en": null}}, {"model": "pages.section", "pk": 4, "fields": {"page": 1, "order": 3, "title": "in concreto", "title_it": "in concreto", "title_en": "concretely", "subtitle": null, "subtitle_it": null, "subtitle_en": null}}, {"model": "pages.section", "pk": 5, "fields": {"page": 1, "order": 4, "title": null, "title_it": null, "title_en": null, "subtitle": null, "subtitle_it": null, "subtitle_en": null}}, {"model": "pages.section", "pk": 6, "fields": {"page": 5, "order": 0, "title": null, "title_it": null, "title_en": null, "subtitle": null, "subtitle_it": null, "subtitle_en": null}}, {"model": "pages.section", "pk": 7, "fields": {"page": 5, "order": 1, "title": null, "title_it": null, "title_en": null, "subtitle": null, "subtitle_it": null, "subtitle_en": null}}, {"model": "pages.section", "pk": 8, "fields": {"page": 5, "order": 2, "title": "come donare?", "title_it": "come donare?", "title_en": null, "subtitle": null, "subtitle_it": null, "subtitle_en": null}}, {"model": "pages.section", "pk": 9, "fields": {"page": 5, "order": 3, "title": null, "title_it": null, "title_en": null, "subtitle": null, "subtitle_it": null, "subtitle_en": null}}, {"model": "pages.section", "pk": 10, "fields": {"page": 6, "order": 0, "title": "il team", "title_it": "il team", "title_en": null, "subtitle": null, "subtitle_it": null, "subtitle_en": null}}, {"model": "pages.section", "pk": 11, "fields": {"page": 6, "order": 1, "title": "come funziona?", "title_it": "come funziona?", "title_en": null, "subtitle": null, "subtitle_it": null, "subtitle_en": null}}, {"model": "pages.section", "pk": 12, "fields": {"page": 6, "order": 2, "title": "dove siamo?", "title_it": "dove siamo?", "title_en": null, "subtitle": null, "subtitle_it": null, "subtitle_en": null}}, {"model": "pages.section", "pk": 13, "fields": {"page": 6, "order": 3, "title": "come useremo i fondi", "title_it": "come useremo i fondi", "title_en": null, "subtitle": null, "subtitle_it": null, "subtitle_en": null}}, {"model": "pages.section", "pk": 14, "fields": {"page": 6, "order": 4, "title": "vuoi saperne di pi\u00f9?", "title_it": "vuoi saperne di pi\u00f9?", "title_en": null, "subtitle": null, "subtitle_it": null, "subtitle_en": null}}, {"model": "pages.section", "pk": 15, "fields": {"page": 2, "order": 0, "title": null, "title_it": null, "title_en": null, "subtitle": null, "subtitle_it": null, "subtitle_en": null}}, {"model": "pages.section", "pk": 16, "fields": {"page": 2, "order": 1, "title": null, "title_it": null, "title_en": null, "subtitle": null, "subtitle_it": null, "subtitle_en": null}}, {"model": "pages.section", "pk": 17, "fields": {"page": 2, "order": 2, "title": null, "title_it": null, "title_en": null, "subtitle": null, "subtitle_it": null, "subtitle_en": null}}, {"model": "pages.section", "pk": 19, "fields": {"page": 10, "order": 2, "title": "il contesto", "title_it": "il contesto", "title_en": null, "subtitle": null, "subtitle_it": null, "subtitle_en": null}}, {"model": "pages.section", "pk": 20, "fields": {"page": 10, "order": 3, "title": "stato dell'arte", "title_it": "stato dell'arte", "title_en": null, "subtitle": null, "subtitle_it": null, "subtitle_en": null}}, {"model": "pages.section", "pk": 21, "fields": {"page": 10, "order": 4, "title": "il progetto", "title_it": "il progetto", "title_en": null, "subtitle": null, "subtitle_it": null, "subtitle_en": null}}, {"model": "pages.section", "pk": 22, "fields": {"page": 10, "order": 5, "title": null, "title_it": null, "title_en": null, "subtitle": null, "subtitle_it": null, "subtitle_en": null}}, {"model": "pages.section", "pk": 23, "fields": {"page": 8, "order": 0, "title": null, "title_it": null, "title_en": null, "subtitle": null, "subtitle_it": null, "subtitle_en": null}}, {"model": "pages.section", "pk": 24, "fields": {"page": 8, "order": 1, "title": "donare il 5x1000 \u00e8 facile", "title_it": "donare il 5x1000 \u00e8 facile", "title_en": null, "subtitle": null, "subtitle_it": null, "subtitle_en": null}}, {"model": "pages.section", "pk": 25, "fields": {"page": 8, "order": 2, "title": null, "title_it": null, "title_en": null, "subtitle": null, "subtitle_it": null, "subtitle_en": null}}, {"model": "pages.section", "pk": 27, "fields": {"page": 8, "order": 3, "title": "quanto vale il tuo 5x1000?", "title_it": "quanto vale il tuo 5x1000?", "title_en": null, "subtitle": null, "subtitle_it": null, "subtitle_en": null}}, {"model": "pages.section", "pk": 28, "fields": {"page": 9, "order": 0, "title": "scrivici", "title_it": "scrivici", "title_en": null, "subtitle": null, "subtitle_it": null, "subtitle_en": null}}, {"model": "pages.section", "pk": 29, "fields": {"page": 4, "order": 0, "title": "ecco cosa ci piace fare", "title_it": "ecco cosa ci piace fare", "title_en": null, "subtitle": null, "subtitle_it": null, "subtitle_en": null}}, {"model": "pages.section", "pk": 30, "fields": {"page": 10, "order": 0, "title": "scopri di pi\u00f9 . . .", "title_it": "scopri di pi\u00f9 . . .", "title_en": null, "subtitle": null, "subtitle_it": null, "subtitle_en": null}}, {"model": "pages.section", "pk": 32, "fields": {"page": 4, "order": 1, "title": "ecco cosa ci piace fare", "title_it": "ecco cosa ci piace fare", "title_en": null, "subtitle": null, "subtitle_it": null, "subtitle_en": null}}, {"model": "pages.section", "pk": 33, "fields": {"page": 4, "order": 2, "title": null, "title_it": null, "title_en": null, "subtitle": null, "subtitle_it": null, "subtitle_en": null}}, {"model": "pages.text", "pk": 2, "fields": {"section": 1, "project": null, "project_section": null, "order": 2, "title": null, "title_it": null, "title_en": null, "subtitle": null, "subtitle_it": null, "subtitle_en": null, "content": null, "content_it": null, "content_en": null}}, {"model": "pages.text", "pk": 3, "fields": {"section": 1, "project": null, "project_section": null, "order": 1, "title": null, "title_it": null, "title_en": null, "subtitle": null, "subtitle_it": null, "subtitle_en": null, "content": null, "content_it": null, "content_en": null}}, {"model": "pages.text", "pk": 4, "fields": {"section": 1, "project": null, "project_section": null, "order": 0, "title": null, "title_it": null, "title_en": null, "subtitle": null, "subtitle_it": null, "subtitle_en": null, "content": null, "content_it": null, "content_en": null}}, {"model": "pages.text", "pk": 5, "fields": {"section": 1, "project": null, "project_section": null, "order": 4, "title": null, "title_it": null, "title_en": null, "subtitle": null, "subtitle_it": null, "subtitle_en": null, "content": null, "content_it": null, "content_en": null}}, {"model": "pages.text", "pk": 6, "fields": {"section": 2, "project": null, "project_section": null, "order": 0, "title": "acquisire", "title_it": "acquisire", "title_en": "dsfgsdgad", "subtitle": "immobili", "subtitle_it": "immobili", "subtitle_en": "fsfoisdfios", "content": "inutilizzati", "content_it": "inutilizzati", "content_en": "dsiufsdia"}}, {"model": "pages.text", "pk": 7, "fields": {"section": 2, "project": null, "project_section": null, "order": 1, "title": "rigenerare", "title_it": "rigenerare", "title_en": "sdfgafdgfdgf", "subtitle": "in chiave", "subtitle_it": "in chiave", "subtitle_en": "gfdsgfdsgfd", "content": "ecologica", "content_it": "ecologica", "content_en": "sdgdfgewtytyt"}}, {"model": "pages.text", "pk": 8, "fields": {"section": 2, "project": null, "project_section": null, "order": 2, "title": "assegnare", "title_it": "assegnare", "title_en": "gdfgdsf", "subtitle": "ai pi\u00f9", "subtitle_it": "ai pi\u00f9", "subtitle_en": "fdgdfsg", "content": "bisognosi", "content_it": "bisognosi", "content_en": "dfsgsdfgsd"}}, {"model": "pages.text", "pk": 9, "fields": {"section": 4, "project": null, "project_section": null, "order": 0, "title": null, "title_it": null, "title_en": null, "subtitle": null, "subtitle_it": null, "subtitle_en": null, "content": "Il progetto pilota si trova a Tufillo, piccolo paese abruzzese al confine con il Molise. La prima delle tre case che abbiamo ricevuto da una generossima donazione, sar\u00e0 adibita a laboratorio sociale. Una parte del piano terra sar\u00e0 una sartoria mentre l\u2019altra un laboratorio di trasformazione dei prodotti alimentari prodotti dai contadini locali. <br>\r\nScopri di pi\u00f9 sul progetto e i suoi futuri abitanti!", "content_it": "Il progetto pilota si trova a Tufillo, piccolo paese abruzzese al confine con il Molise. La prima delle tre case che abbiamo ricevuto da una generossima donazione, sar\u00e0 adibita a laboratorio sociale. Una parte del piano terra sar\u00e0 una sartoria mentre l\u2019altra un laboratorio di trasformazione dei prodotti alimentari prodotti dai contadini locali. <br>\r\nScopri di pi\u00f9 sul progetto e i suoi futuri abitanti!", "content_en": null}}, {"model": "pages.text", "pk": 10, "fields": {"section": 5, "project": null, "project_section": null, "order": 0, "title": null, "title_it": null, "title_en": null, "subtitle": null, "subtitle_it": null, "subtitle_en": null, "content": "\u00abavrai constatato che il mondo, quando non \u00e8 malato, \u00e8 buono, e se non lo \u00e8, essendo soltanto malato, ha bisogno, per guarire, di tutto il nostro intelligente amore\u00bb", "content_it": "\u00abavrai constatato che il mondo, quando non \u00e8 malato, \u00e8 buono, e se non lo \u00e8, essendo soltanto malato, ha bisogno, per guarire, di tutto il nostro intelligente amore\u00bb", "content_en": null}}, {"model": "pages.text", "pk": 11, "fields": {"section": 6, "project": null, "project_section": null, "order": 0, "title": "La tua donazione sar\u00e0 la rinascita di", "title_it": "La tua donazione sar\u00e0 la rinascita di", "title_en": null, "subtitle": null, "subtitle_it": null, "subtitle_en": null, "content": "comunit\u00e0,territorio,piccole attivit\u00e0 artigianali", "content_it": "comunit\u00e0,territorio,piccole attivit\u00e0 artigianali", "content_en": null}}, {"model": "pages.text", "pk": 12, "fields": {"section": 7, "project": null, "project_section": null, "order": 0, "title": "20\u20ac", "title_it": "20\u20ac", "title_en": null, "subtitle": "con", "subtitle_it": "con", "subtitle_en": null, "content": "darai gli attrezzi a dei nuovi muratori per lavorare in cantiere", "content_it": "darai gli attrezzi a dei nuovi muratori per lavorare in cantiere", "content_en": null}}, {"model": "pages.text", "pk": 13, "fields": {"section": 7, "project": null, "project_section": null, "order": 1, "title": "50\u20ac", "title_it": "50\u20ac", "title_en": null, "subtitle": "con", "subtitle_it": "con", "subtitle_en": null, "content": "stai dando il bianco in una stanza", "content_it": "stai dando il bianco in una stanza", "content_en": null}}, {"model": "pages.text", "pk": 14, "fields": {"section": 7, "project": null, "project_section": null, "order": 2, "title": "150\u20ac", "title_it": "150\u20ac", "title_en": null, "subtitle": "con", "subtitle_it": "con", "subtitle_en": null, "content": "stai installando una nuova finestra", "content_it": "stai installando una nuova finestra", "content_en": null}}, {"model": "pages.text", "pk": 15, "fields": {"section": 8, "project": null, "project_section": null, "order": 0, "title": "carta di credito o paypal", "title_it": "carta di credito o paypal", "title_en": null, "subtitle": null, "subtitle_it": null, "subtitle_en": null, "content": "Dona attraverso <b>PayPal</b> oppure usa direttamente la tua <b>carta di credito</b>", "content_it": "Dona attraverso <b>PayPal</b> oppure usa direttamente la tua <b>carta di credito</b>", "content_en": null}}, {"model": "pages.text", "pk": 16, "fields": {"section": 8, "project": null, "project_section": null, "order": 1, "title": "bonifico", "title_it": "bonifico", "title_en": null, "subtitle": "usa questi dati per un bonifico tramite la tua banca, online e offline", "subtitle_it": "usa questi dati per un bonifico tramite la tua banca, online e offline", "subtitle_en": null, "content": "<span style=\"''font-size: 30px;\">IBAN</span>:\r\n<br>\r\n<b>ITILMIOIBANTUTTOINTERO</b>\r\n<br>\r\nSWIFT/BIC:\r\n<br>\r\n<b>4324354354</b>\r\n<br>\r\nIntestazione:\r\n<br>\r\n<b>HELP ONLUS</b>\r\n<br>\r\nCausale:\r\n<br>\r\n<b>Donazione Liberale</b>", "content_it": "<span style=\"''font-size: 30px;\">IBAN</span>:\r\n<br>\r\n<b>ITILMIOIBANTUTTOINTERO</b>\r\n<br>\r\nSWIFT/BIC:\r\n<br>\r\n<b>4324354354</b>\r\n<br>\r\nIntestazione:\r\n<br>\r\n<b>HELP ONLUS</b>\r\n<br>\r\nCausale:\r\n<br>\r\n<b>Donazione Liberale</b>", "content_en": null}}, {"model": "pages.text", "pk": 17, "fields": {"section": 8, "project": null, "project_section": null, "order": 2, "title": "donazione di immobili", "title_it": "donazione di immobili", "title_en": null, "subtitle": null, "subtitle_it": null, "subtitle_en": null, "content": "Chiamaci al <b>345464325</b>, insieme troveremo la soluzione giusta per il tuo caso", "content_it": "Chiamaci al <b>345464325</b>, insieme troveremo la soluzione giusta per il tuo caso", "content_en": null}}, {"model": "pages.text", "pk": 18, "fields": {"section": 8, "project": null, "project_section": null, "order": 3, "title": "Satispay", "title_it": "Satispay", "title_en": null, "subtitle": null, "subtitle_it": null, "subtitle_en": null, "content": "Clicca il bottone qui sotto e verrai portato sulla pagina di Satispay", "content_it": "Clicca il bottone qui sotto e verrai portato sulla pagina di Satispay", "content_en": null}}, {"model": "pages.text", "pk": 19, "fields": {"section": 8, "project": null, "project_section": null, "order": 4, "title": "x1000", "title_it": "x1000", "title_en": null, "subtitle": "Un tuo piccolo gesto rappresenta la speranza per qualcuno di ricevere una casa. Usa questo codice fiscale nella dichiarazione dei redditi", "subtitle_it": "Un tuo piccolo gesto rappresenta la speranza per qualcuno di ricevere una casa. Usa questo codice fiscale nella dichiarazione dei redditi", "subtitle_en": null, "content": "321423574\r\n<br>\r\nHuman Evolution for Landscape Protection", "content_it": "321423574\r\n<br>\r\nHuman Evolution for Landscape Protection", "content_en": null}}, {"model": "pages.text", "pk": 20, "fields": {"section": 8, "project": null, "project_section": null, "order": 5, "title": "sei un'azienda?", "title_it": "sei un'azienda?", "title_en": null, "subtitle": "intraprendi un percorso di Responsabilit\u00e0 Sociale di Impresa al nostro fiancoe e trasmetti il grande valore umano alla base della tua impresa", "subtitle_it": "intraprendi un percorso di Responsabilit\u00e0 Sociale di Impresa al nostro fiancoe e trasmetti il grande valore umano alla base della tua impresa", "subtitle_en": null, "content": "Potrai sempre verificare l'utilizzo benefico delle tue donazioni grazie alla nostra gestione trasparente dei fondi.", "content_it": "Potrai sempre verificare l'utilizzo benefico delle tue donazioni grazie alla nostra gestione trasparente dei fondi.", "content_en": null}}, {"model": "pages.text", "pk": 21, "fields": {"section": 9, "project": null, "project_section": null, "order": 0, "title": null, "title_it": null, "title_en": null, "subtitle": null, "subtitle_it": null, "subtitle_en": null, "content": "fdhsauofh sduo fosdouf  hsduo0hfsda hfhasd 0if fdio0hf0isd jo0ifsadifj dso0igf agfio dauisdoiigfisdahogui", "content_it": "fdhsauofh sduo fosdouf  hsduo0hfsda hfhasd 0if fdio0hf0isd jo0ifsadifj dso0igf agfio dauisdoiigfisdahogui", "content_en": null}}, {"model": "pages.text", "pk": 22, "fields": {"section": 10, "project": null, "project_section": null, "order": 0, "title": "Gualtiero", "title_it": "Gualtiero", "title_en": null, "subtitle": null, "subtitle_it": null, "subtitle_en": null, "content": "s fsdf sdafghfd gdfh  dshgdhtrwt trhtr", "content_it": "s fsdf sdafghfd gdfh  dshgdhtrwt trhtr", "content_en": null}}, {"model": "pages.text", "pk": 23, "fields": {"section": 10, "project": null, "project_section": null, "order": 1, "title": "Anna", "title_it": "Anna", "title_en": null, "subtitle": null, "subtitle_it": null, "subtitle_en": null, "content": "ygi uasdgfiys9u fsd9uf 9usaiu9f9uasg d", "content_it": "ygi uasdgfiys9u fsd9uf 9usaiu9f9uasg d", "content_en": null}}, {"model": "pages.text", "pk": 24, "fields": {"section": 10, "project": null, "project_section": null, "order": 2, "title": "Chiara", "title_it": "Chiara", "title_en": null, "subtitle": null, "subtitle_it": null, "subtitle_en": null, "content": "fr9shaf9usdh9 fsdauss  sd f ss", "content_it": "fr9shaf9usdh9 fsdauss  sd f ss", "content_en": null}}, {"model": "pages.text", "pk": 25, "fields": {"section": 10, "project": null, "project_section": null, "order": 3, "title": "Gianni", "title_it": "Gianni", "title_en": null, "subtitle": null, "subtitle_it": null, "subtitle_en": null, "content": "sdf8iysdu 9fds9uaf9usda9ufd asdug9 ufsdg9uafgs d9ua", "content_it": "sdf8iysdu 9fds9uaf9usda9ufd asdug9 ufsdg9uafgs d9ua", "content_en": null}}, {"model": "pages.text", "pk": 26, "fields": {"section": 10, "project": null, "project_section": null, "order": 4, "title": "Claudia", "title_it": "Claudia", "title_en": null, "subtitle": null, "subtitle_it": null, "subtitle_en": null, "content": "digfsdyif sdfghf9isgau sdfghifgsa sdigfiausdg", "content_it": "digfsdyif sdfghf9isgau sdfghifgsa sdigfiausdg", "content_en": null}}, {"model": "pages.text", "pk": 27, "fields": {"section": 11, "project": null, "project_section": null, "order": 0, "title": "attori locali", "title_it": "attori locali", "title_en": "local actors", "subtitle": "identificazione", "subtitle_it": "identificazione", "subtitle_en": null, "content": "La nascita di un progetto prevede preliminarmente l'identificazione di attori locali con cui co-progettare e a cui sar\u00e0 affidata la gestione finale. La reciproca conoscenza \u00e8 il primo indispensabile mattone.", "content_it": "La nascita di un progetto prevede preliminarmente l'identificazione di attori locali con cui co-progettare e a cui sar\u00e0 affidata la gestione finale. La reciproca conoscenza \u00e8 il primo indispensabile mattone.", "content_en": null}}, {"model": "pages.text", "pk": 28, "fields": {"section": 11, "project": null, "project_section": null, "order": 1, "title": "progetto preliminare", "title_it": "progetto preliminare", "title_en": "master plan", "subtitle": "co-progettazione", "subtitle_it": "co-progettazione", "subtitle_en": null, "content": "Con il contributo di tutte le parti interessate si definiscono i progetti preliminari sulle risorse individuate.", "content_it": "Con il contributo di tutte le parti interessate si definiscono i progetti preliminari sulle risorse individuate.", "content_en": null}}, {"model": "pages.text", "pk": 29, "fields": {"section": 11, "project": null, "project_section": null, "order": 2, "title": "fondi", "title_it": "fondi", "title_en": null, "subtitle": "raccolta", "subtitle_it": "raccolta", "subtitle_en": null, "content": "Con il progetto preliminare siamo in grado di attivare le nostre campagne di raccolta fondi, di partecipare a bandi e concorsi per il raggiungimento del budget necessario.", "content_it": "Con il progetto preliminare siamo in grado di attivare le nostre campagne di raccolta fondi, di partecipare a bandi e concorsi per il raggiungimento del budget necessario.", "content_en": null}}, {"model": "pages.text", "pk": 30, "fields": {"section": 11, "project": null, "project_section": null, "order": 3, "title": "progetto esecutivo", "title_it": "progetto esecutivo", "title_en": null, "subtitle": "progettazione", "subtitle_it": "progettazione", "subtitle_en": null, "content": "Raggiunto il budget si inizia la progettazione esecutiva.", "content_it": "Raggiunto il budget si inizia la progettazione esecutiva.", "content_en": null}}, {"model": "pages.text", "pk": 31, "fields": {"section": 11, "project": null, "project_section": null, "order": 4, "title": "beni rigenerati", "title_it": "beni rigenerati", "title_en": null, "subtitle": "realizzazione recupero", "subtitle_it": "realizzazione recupero", "subtitle_en": null, "content": "Sulla base dei progetti esecutivi e acquisite tutte le professionalit\u00e0 necessarie si procede alla fase di cantiere che si concluder\u00e0 con la realizzazione finale dell'intervento.", "content_it": "Sulla base dei progetti esecutivi e acquisite tutte le professionalit\u00e0 necessarie si procede alla fase di cantiere che si concluder\u00e0 con la realizzazione finale dell'intervento.", "content_en": null}}, {"model": "pages.text", "pk": 32, "fields": {"section": 11, "project": null, "project_section": null, "order": 5, "title": "beneficiari", "title_it": "beneficiari", "title_en": null, "subtitle": "assegnazione beni recuperati", "subtitle_it": "assegnazione beni recuperati", "subtitle_en": null, "content": "I beni rigenerati verranno assegnati ai beneficiari individuati in fase di co-progettazione preliminare. Siamo un ente di beneficienza, i primi a beneficiare delle nostre azioni saranno i pi\u00f9 deboli.", "content_it": "I beni rigenerati verranno assegnati ai beneficiari individuati in fase di co-progettazione preliminare. Siamo un ente di beneficienza, i primi a beneficiare delle nostre azioni saranno i pi\u00f9 deboli.", "content_en": null}}, {"model": "pages.text", "pk": 33, "fields": {"section": 12, "project": null, "project_section": null, "order": 0, "title": "sede legale", "title_it": "sede legale", "title_en": null, "subtitle": "via roma 46 Chiusa di San Michele (TO)", "subtitle_it": "via roma 46 Chiusa di San Michele (TO)", "subtitle_en": null, "content": null, "content_it": null, "content_en": null}}, {"model": "pages.text", "pk": 34, "fields": {"section": 12, "project": null, "project_section": null, "order": 1, "title": "sede operativa", "title_it": "sede operativa", "title_en": null, "subtitle": "corso italia 5 Tufillo (CH)", "subtitle_it": "corso italia 5 Tufillo (CH)", "subtitle_en": null, "content": null, "content_it": null, "content_en": null}}, {"model": "pages.text", "pk": 35, "fields": {"section": 13, "project": null, "project_section": null, "order": 0, "title": "comunicazione e fundraising", "title_it": "comunicazione e fundraising", "title_en": null, "subtitle": null, "subtitle_it": null, "subtitle_en": null, "content": "Parte dei fondi vengono usati per aumentare le attivit\u00e0 legate al fundraising in modo da consentire continuit\u00e0 e respiro ai progetti. Per riuscire in questo \u00e8 necessario anche investire nella comunicazione.", "content_it": "Parte dei fondi vengono usati per aumentare le attivit\u00e0 legate al fundraising in modo da consentire continuit\u00e0 e respiro ai progetti. Per riuscire in questo \u00e8 necessario anche investire nella comunicazione.", "content_en": null}}, {"model": "pages.text", "pk": 36, "fields": {"section": 13, "project": null, "project_section": null, "order": 1, "title": "stipendi e costi di struttura", "title_it": "stipendi e costi di struttura", "title_en": null, "subtitle": null, "subtitle_it": null, "subtitle_en": null, "content": "Essere un ente non profit non significa che chi ci lavora lo fa come forma di volontariato. Essere un ente non profit significa che gli stipendi sono fissi e il surplus eventuale in avanzo dalle attivit\u00e0 verr\u00e0 reinvestito in altre e attivit\u00e0 e non ripartito tra i soci.\r\nPertanto per riuscire a perseguire le nostre finalit\u00e0 e dare il nostro contributo alla societ\u00e0 abbiamo bisogno che un team di persone ci lavori full time.", "content_it": "Essere un ente non profit non significa che chi ci lavora lo fa come forma di volontariato. Essere un ente non profit significa che gli stipendi sono fissi e il surplus eventuale in avanzo dalle attivit\u00e0 verr\u00e0 reinvestito in altre e attivit\u00e0 e non ripartito tra i soci.\r\nPertanto per riuscire a perseguire le nostre finalit\u00e0 e dare il nostro contributo alla societ\u00e0 abbiamo bisogno che un team di persone ci lavori full time.", "content_en": null}}, {"model": "pages.text", "pk": 37, "fields": {"section": 13, "project": null, "project_section": null, "order": 2, "title": "realizzazione interventi", "title_it": "realizzazione interventi", "title_en": null, "subtitle": null, "subtitle_it": null, "subtitle_en": null, "content": "Chiaramente la grande maggioranza dei fondi raccolti andr\u00e0 a coprire i costi delle attivit\u00e0 primarie quali le ristrutturazioni e gli incentivi alle attivit\u00e0 che prenderanno forma nei vari immobili", "content_it": "Chiaramente la grande maggioranza dei fondi raccolti andr\u00e0 a coprire i costi delle attivit\u00e0 primarie quali le ristrutturazioni e gli incentivi alle attivit\u00e0 che prenderanno forma nei vari immobili", "content_en": null}}, {"model": "pages.text", "pk": 38, "fields": {"section": 15, "project": null, "project_section": null, "order": 0, "title": null, "title_it": null, "title_en": null, "subtitle": "Scopri come possiamo collaborare", "subtitle_it": "Scopri come possiamo collaborare", "subtitle_en": null, "content": "Vuoi diventare un volontario?\r\n<br>\r\nHai un immobile inutilizzato?\r\n<br>\r\nHai un'azienda?\r\n<br>\r\nSei un ente non profit?", "content_it": "Vuoi diventare un volontario?\r\n<br>\r\nHai un immobile inutilizzato?\r\n<br>\r\nHai un'azienda?\r\n<br>\r\nSei un ente non profit?", "content_en": null}}, {"model": "pages.text", "pk": 43, "fields": {"section": 16, "project": null, "project_section": null, "order": 0, "title": "dona tempo: diventa volontario", "title_it": "dona tempo: diventa volontario", "title_en": null, "subtitle": "Siamo alla ricerca di persone appassionate al progetto che abbiano un po\u2019 di tempo da dedicarci", "subtitle_it": "Siamo alla ricerca di persone appassionate al progetto che abbiano un po\u2019 di tempo da dedicarci", "subtitle_en": null, "content": "Contattaci per avere maggiori informazioni, i volontari sono per noi una risorsa preziosa e ci teniamo a valorizzarli al massimo. Grazie in anticipo!", "content_it": "Contattaci per avere maggiori informazioni, i volontari sono per noi una risorsa preziosa e ci teniamo a valorizzarli al massimo. Grazie in anticipo!", "content_en": null}}, {"model": "pages.text", "pk": 44, "fields": {"section": 16, "project": null, "project_section": null, "order": 1, "title": "hai una casa o un terreno inutilizzati?", "title_it": "hai una casa o un terreno inutilizzati?", "title_en": null, "subtitle": "Siamo alla ricerca di persone appassionate al progetto che abbiano un po\u2019 di tempo da dedicarci.", "subtitle_it": "Siamo alla ricerca di persone appassionate al progetto che abbiano un po\u2019 di tempo da dedicarci.", "subtitle_en": null, "content": "Contattaci per avere maggiori informazioni, i volontari sono per noi una risorsa preziosa e ci teniamo a valorizzarli al massimo. Grazie in anticipo!", "content_it": "Contattaci per avere maggiori informazioni, i volontari sono per noi una risorsa preziosa e ci teniamo a valorizzarli al massimo. Grazie in anticipo!", "content_en": null}}, {"model": "pages.text", "pk": 45, "fields": {"section": 16, "project": null, "project_section": null, "order": 2, "title": "proponi un progetto", "title_it": "proponi un progetto", "title_en": null, "subtitle": "Siamo alla ricerca di persone appassionate al progetto che abbiano un po\u2019 di tempo da dedicarci.", "subtitle_it": "Siamo alla ricerca di persone appassionate al progetto che abbiano un po\u2019 di tempo da dedicarci.", "subtitle_en": null, "content": "Contattaci per avere maggiori informazioni, i volontari sono per noi una risorsa preziosa e ci teniamo a valorizzarli al massimo. Grazie in anticipo!", "content_it": "Contattaci per avere maggiori informazioni, i volontari sono per noi una risorsa preziosa e ci teniamo a valorizzarli al massimo. Grazie in anticipo!", "content_en": null}}, {"model": "pages.text", "pk": 46, "fields": {"section": 16, "project": null, "project_section": null, "order": 3, "title": "sei un ente non profit?", "title_it": "sei un ente non profit?", "title_en": null, "subtitle": "Siamo alla ricerca di persone appassionate al progetto che abbiano un po\u2019 di tempo da dedicarci.", "subtitle_it": "Siamo alla ricerca di persone appassionate al progetto che abbiano un po\u2019 di tempo da dedicarci.", "subtitle_en": null, "content": "Contattaci per avere maggiori informazioni, i volontari sono per noi una risorsa preziosa e ci teniamo a valorizzarli al massimo. Grazie in anticipo!", "content_it": "Contattaci per avere maggiori informazioni, i volontari sono per noi una risorsa preziosa e ci teniamo a valorizzarli al massimo. Grazie in anticipo!", "content_en": null}}, {"model": "pages.text", "pk": 47, "fields": {"section": 17, "project": null, "project_section": null, "order": 0, "title": null, "title_it": null, "title_en": null, "subtitle": null, "subtitle_it": null, "subtitle_en": null, "content": "sdig sufduia dfsoifhi fsdiohfisdf idshaifh ierigfoierqhgo rhgierig erigrehpgi eg igrqrweig reigeriohgi egoihdfiaghig faidhgfidha go", "content_it": "sdig sufduia dfsoifhi fsdiohfisdf idshaifh ierigfoierqhgo rhgierig erigrehpgi eg igrqrweig reigeriohgi egoihdfiaghig faidhgfidha go", "content_en": null}}, {"model": "pages.text", "pk": 48, "fields": {"section": null, "project": 1, "project_section": "context", "order": 0, "title": null, "title_it": null, "title_en": null, "subtitle": null, "subtitle_it": null, "subtitle_en": null, "content": "dsohafo fdsohf osdhafhu fsds0hf0sdahf0 dhfd0siafh fds0if0 ds0df0isda0if sad0ifh0sdiafi0dsh0i fsdi0hf0isd0fh0sd hf0ds0isd0ihfd ih fgfha0ghf0daghf dfgdigfdhg dgghdf gdgdfh\r\ndsohafo fdsohf osdhafhu fsds0hf0sdahf0 dhfd0siafh fds0if0 ds0df0isda0if sad0ifh0sdiafi0dsh0i fsdi0hf0isd0fh0sd hf0ds0isd0ihfd ih fgfha0ghf0daghf dfgdigfdhg dgghdf gdgdfh\r\ndsohafo fdsohf osdhafhu fsds0hf0sdahf0 dhfd0siafh fds0if0 ds0df0isda0if sad0ifh0sdiafi0dsh0i fsdi0hf0isd0fh0sd hf0ds0isd0ihfd ih fgfha0ghf0daghf dfgdigfdhg dgghdf gdgdfh\r\ndsohafo fdsohf osdhafhu fsds0hf0sdahf0 dhfd0siafh fds0if0 ds0df0isda0if sad0ifh0sdiafi0dsh0i", "content_it": "dsohafo fdsohf osdhafhu fsds0hf0sdahf0 dhfd0siafh fds0if0 ds0df0isda0if sad0ifh0sdiafi0dsh0i fsdi0hf0isd0fh0sd hf0ds0isd0ihfd ih fgfha0ghf0daghf dfgdigfdhg dgghdf gdgdfh\r\ndsohafo fdsohf osdhafhu fsds0hf0sdahf0 dhfd0siafh fds0if0 ds0df0isda0if sad0ifh0sdiafi0dsh0i fsdi0hf0isd0fh0sd hf0ds0isd0ihfd ih fgfha0ghf0daghf dfgdigfdhg dgghdf gdgdfh\r\ndsohafo fdsohf osdhafhu fsds0hf0sdahf0 dhfd0siafh fds0if0 ds0df0isda0if sad0ifh0sdiafi0dsh0i fsdi0hf0isd0fh0sd hf0ds0isd0ihfd ih fgfha0ghf0daghf dfgdigfdhg dgghdf gdgdfh\r\ndsohafo fdsohf osdhafhu fsds0hf0sdahf0 dhfd0siafh fds0if0 ds0df0isda0if sad0ifh0sdiafi0dsh0i", "content_en": null}}, {"model": "pages.text", "pk": 49, "fields": {"section": null, "project": 1, "project_section": "state_of_art", "order": 0, "title": null, "title_it": null, "title_en": null, "subtitle": null, "subtitle_it": null, "subtitle_en": null, "content": "stato dell'arte insoma beh cosi cosi sdfaofhdusa dshu hsdauof sdahbfuo uasdiuf ifius\r\nstato dell'arte insoma beh cosi cosi sdfaofhdusa dshu hsdauof sdahbfuo uasdiuf ifiusstato dell'arte insoma beh cosi cosi sdfaofhdusa dshu hsdauof sdahbfuo uasdiuf ifiusstato dell'arte insoma beh cosi cosi sdfaofhdusa dshu hsdauof sdahbfuo uasdiuf ifius", "content_it": "stato dell'arte insoma beh cosi cosi sdfaofhdusa dshu hsdauof sdahbfuo uasdiuf ifius\r\nstato dell'arte insoma beh cosi cosi sdfaofhdusa dshu hsdauof sdahbfuo uasdiuf ifiusstato dell'arte insoma beh cosi cosi sdfaofhdusa dshu hsdauof sdahbfuo uasdiuf ifiusstato dell'arte insoma beh cosi cosi sdfaofhdusa dshu hsdauof sdahbfuo uasdiuf ifius", "content_en": null}}, {"model": "pages.text", "pk": 50, "fields": {"section": null, "project": 1, "project_section": "design", "order": 1, "title": "piano 1", "title_it": "piano 1", "title_en": null, "subtitle": "residenza", "subtitle_it": "residenza", "subtitle_en": null, "content": "piccolo appartamento per 3 persone", "content_it": "piccolo appartamento per 3 persone", "content_en": null}}, {"model": "pages.text", "pk": 51, "fields": {"section": null, "project": 1, "project_section": "design", "order": 2, "title": "piano 0.5", "title_it": "piano 0.5", "title_en": null, "subtitle": "servizi attivit\u00e0", "subtitle_it": "servizi attivit\u00e0", "subtitle_en": null, "content": "terrazzo comune e bagno dedicato alle attivit\u00e0 del piano 0", "content_it": "terrazzo comune e bagno dedicato alle attivit\u00e0 del piano 0", "content_en": null}}, {"model": "pages.text", "pk": 52, "fields": {"section": null, "project": 1, "project_section": "design", "order": 3, "title": "piano 0", "title_it": "piano 0", "title_en": null, "subtitle": "laboratori", "subtitle_it": "laboratori", "subtitle_en": null, "content": "sartoria artigianale e laboratorio di trasformazione per alimenti", "content_it": "sartoria artigianale e laboratorio di trasformazione per alimenti", "content_en": null}}, {"model": "pages.text", "pk": 53, "fields": {"section": null, "project": 1, "project_section": "design", "order": 4, "title": "piano -0.5 e -1", "title_it": "piano -0.5 e -1", "title_en": null, "subtitle": "magazzino", "subtitle_it": "magazzino", "subtitle_en": null, "content": "magazzino per lo stoccaggio dei materiali", "content_it": "magazzino per lo stoccaggio dei materiali", "content_en": null}}, {"model": "pages.text", "pk": 54, "fields": {"section": null, "project": 1, "project_section": "design", "order": 0, "title": null, "title_it": null, "title_en": null, "subtitle": null, "subtitle_it": null, "subtitle_en": null, "content": "il progetto preliminare preveder\u00e0 ... sdfhoufhoufha dosfhfuhsf dfasdhfufsduh f uisdufh sdfi9u iusd9ufsd i9u fidus isdfu ifsdhuf uisdfui f sduifsdua usddiudsfuds uif usdffus duuf iiufd usdfu sduusdfu usdfu sdug usdgu 9usgfu saufsdaua fuasdfui ufuds iusdfuf uiasdf usduaf uif sduiuifsduisdf uidsafu udsf sdu fdui fdisu udfu fduifsda iusdfiuidsui sdfuui fdsuifds", "content_it": "il progetto preliminare preveder\u00e0 ... sdfhoufhoufha dosfhfuhsf dfasdhfufsduh f uisdufh sdfi9u iusd9ufsd i9u fidus isdfu ifsdhuf uisdfui f sduifsdua usddiudsfuds uif usdffus duuf iiufd usdfu sduusdfu usdfu sdug usdgu 9usgfu saufsdaua fuasdfui ufuds iusdfuf uiasdf usduaf uif sduiuifsduisdf uidsafu udsf sdu fdui fdisu udfu fduifsda iusdfiuidsui sdfuui fdsuifds", "content_en": null}}, {"model": "pages.text", "pk": 55, "fields": {"section": 22, "project": null, "project_section": null, "order": 0, "title": null, "title_it": null, "title_en": null, "subtitle": null, "subtitle_it": null, "subtitle_en": null, "content": "dsfgfig dsf gsd9ufsdg fsu9f9usdg f9usdaui9fsd9au fu dfsuf uifdsuiaif uisdfui uisfi sdafi ifs sduf ufsduif uisd", "content_it": "dsfgfig dsf gsd9ufsdg fsu9f9usdg f9usdaui9fsd9au fu dfsuf uifdsuiaif uisdfui uisfi sdafi ifs sduf ufsduif uisd", "content_en": null}}, {"model": "pages.text", "pk": 56, "fields": {"section": 23, "project": null, "project_section": null, "order": 0, "title": "CF", "title_it": "CF", "title_en": null, "subtitle": "95637410010", "subtitle_it": "95637410010", "subtitle_en": null, "content": "Non abbandonare il tuo 5x1000, destinalo ad HELP per non abbandonare i pi\u00f9 fragili", "content_it": "Non abbandonare il tuo 5x1000, destinalo ad HELP per non abbandonare i pi\u00f9 fragili", "content_en": null}}, {"model": "pages.text", "pk": 57, "fields": {"section": 24, "project": null, "project_section": null, "order": 0, "title": "cerca", "title_it": "cerca", "title_en": null, "subtitle": null, "subtitle_it": null, "subtitle_en": null, "content": "Nel modello Unico, 730, CU, cerca \"Scelta per la destinazione del cinque per mille dell\u2019Irpef\"", "content_it": "Nel modello Unico, 730, CU, cerca \"Scelta per la destinazione del cinque per mille dell\u2019Irpef\"", "content_en": null}}, {"model": "pages.text", "pk": 58, "fields": {"section": 24, "project": null, "project_section": null, "order": 1, "title": "firma", "title_it": "firma", "title_en": null, "subtitle": null, "subtitle_it": null, "subtitle_en": null, "content": "Metti la tua firma sotto la sezione SOSTEGNO DEL VOLONTARIATO E DELLE ALTRE ORGANIZZAZIONI\r\nNON LUCRATIVE DI UTILITA\u2019 SOCIALE etc....", "content_it": "Metti la tua firma sotto la sezione SOSTEGNO DEL VOLONTARIATO E DELLE ALTRE ORGANIZZAZIONI\r\nNON LUCRATIVE DI UTILITA\u2019 SOCIALE etc....", "content_en": null}}, {"model": "pages.text", "pk": 59, "fields": {"section": 24, "project": null, "project_section": null, "order": 2, "title": "codice fiscale", "title_it": "codice fiscale", "title_en": null, "subtitle": null, "subtitle_it": null, "subtitle_en": null, "content": "Inserisci questo codice fiscale nei riquadri sottostanti in cui si dice \u201cCodice Fiscale Beneficiario\u201d", "content_it": "Inserisci questo codice fiscale nei riquadri sottostanti in cui si dice \u201cCodice Fiscale Beneficiario\u201d", "content_en": null}}, {"model": "pages.text", "pk": 60, "fields": {"section": 25, "project": null, "project_section": null, "order": 0, "title": "cos'\u00e8 il 5x1000?", "title_it": "cos'\u00e8 il 5x1000?", "title_en": null, "subtitle": null, "subtitle_it": null, "subtitle_en": null, "content": "\u00c9 la quota del 5 per mille della imposta sul reddito delle persone fisiche (Irpef), che pu\u00f2 essere destinata compilando l\u2019apposita sezione del modello Redditi Persone fisiche o modello 730 o scheda allegata alla Certificazione unica.", "content_it": "\u00c9 la quota del 5 per mille della imposta sul reddito delle persone fisiche (Irpef), che pu\u00f2 essere destinata compilando l\u2019apposita sezione del modello Redditi Persone fisiche o modello 730 o scheda allegata alla Certificazione unica.", "content_en": null}}, {"model": "pages.text", "pk": 61, "fields": {"section": 25, "project": null, "project_section": null, "order": 1, "title": "cosa comporta", "title_it": "cosa comporta", "title_en": null, "subtitle": null, "subtitle_it": null, "subtitle_en": null, "content": "Solo una scelta, a differenza delle donazioni in denaro destinare il 5x1000 non comporta una spesa aggiuntiva. Se non lo destini ad un ente non profit a tua scelta viene comunque dato allo stato. Scegliere a chi destinarlo \u00e8 una forma di sostegno alle tue organizzazioni preferite che non comporta una spesa da parte tua.", "content_it": "Solo una scelta, a differenza delle donazioni in denaro destinare il 5x1000 non comporta una spesa aggiuntiva. Se non lo destini ad un ente non profit a tua scelta viene comunque dato allo stato. Scegliere a chi destinarlo \u00e8 una forma di sostegno alle tue organizzazioni preferite che non comporta una spesa da parte tua.", "content_en": null}}, {"model": "pages.text", "pk": 62, "fields": {"section": 25, "project": null, "project_section": null, "order": 2, "title": "sai che puoi destinare il 5x1000 anche senza fare la dichiarazione dei redditi?", "title_it": "sai che puoi destinare il 5x1000 anche senza fare la dichiarazione dei redditi?", "title_en": null, "subtitle": null, "subtitle_it": null, "subtitle_en": null, "content": "Basta compilare una dichiarazione sostituiva e inviarla all\u2019Agenzia delle Entrate con le preferenze per il 2, 5 e 8x1000. Scarica il modello cliccando qui  https://www.agenziaentrate.gov.it/portale/web/guest/scelte-dell-8-5-e-2-per-mille-dell-irpef-2020/modelli-e-istruzioni", "content_it": "Basta compilare una dichiarazione sostituiva e inviarla all\u2019Agenzia delle Entrate con le preferenze per il 2, 5 e 8x1000. Scarica il modello cliccando qui  https://www.agenziaentrate.gov.it/portale/web/guest/scelte-dell-8-5-e-2-per-mille-dell-irpef-2020/modelli-e-istruzioni", "content_en": null}}, {"model": "pages.text", "pk": 66, "fields": {"section": 27, "project": null, "project_section": null, "order": 0, "title": "Inserisci il tuo<br><b>Reddito Annuo Lordo</b>", "title_it": "Inserisci il tuo<br><b>Reddito Annuo Lordo</b>", "title_en": null, "subtitle": "Il tuo 5x1000 vale", "subtitle_it": "Il tuo 5x1000 vale", "subtitle_en": null, "content": null, "content_it": null, "content_en": null}}, {"model": "pages.text", "pk": 67, "fields": {"section": 27, "project": null, "project_section": null, "order": 1, "title": "20", "title_it": "20", "title_en": null, "subtitle": null, "subtitle_it": null, "subtitle_en": null, "content": "potremmo acquistare 2 m<sup>2</sup> di piastrelle", "content_it": "potremmo acquistare 2 m<sup>2</sup> di piastrelle", "content_en": null}}, {"model": "pages.text", "pk": 68, "fields": {"section": 27, "project": null, "project_section": null, "order": 2, "title": "25", "title_it": "25", "title_en": null, "subtitle": null, "subtitle_it": null, "subtitle_en": null, "content": "potremmo acquistare 3 elmetti da cantiere ventilati con chiusura a fibbia", "content_it": "potremmo acquistare 3 elmetti da cantiere ventilati con chiusura a fibbia", "content_en": null}}, {"model": "pages.text", "pk": 69, "fields": {"section": 27, "project": null, "project_section": null, "order": 3, "title": "30", "title_it": "30", "title_en": null, "subtitle": null, "subtitle_it": null, "subtitle_en": null, "content": "hai pagato 3 ore di tirocinio formativo ad un ragazzo in cerca di lavoro", "content_it": "hai pagato 3 ore di tirocinio formativo ad un ragazzo in cerca di lavoro", "content_en": null}}, {"model": "pages.text", "pk": 70, "fields": {"section": 27, "project": null, "project_section": null, "order": 4, "title": "35", "title_it": "35", "title_en": null, "subtitle": null, "subtitle_it": null, "subtitle_en": null, "content": "ci ha permesso di acquistare 9000 chiodi da legno a testa piana per nostri restauri", "content_it": "ci ha permesso di acquistare 9000 chiodi da legno a testa piana per nostri restauri", "content_en": null}}, {"model": "pages.text", "pk": 71, "fields": {"section": 27, "project": null, "project_section": null, "order": 5, "title": "45", "title_it": "45", "title_en": null, "subtitle": null, "subtitle_it": null, "subtitle_en": null, "content": "potremmo acquistare un lavandino per il bagno grazie a te", "content_it": "potremmo acquistare un lavandino per il bagno grazie a te", "content_en": null}}, {"model": "pages.text", "pk": 72, "fields": {"section": 27, "project": null, "project_section": null, "order": 6, "title": "60", "title_it": "60", "title_en": null, "subtitle": null, "subtitle_it": null, "subtitle_en": null, "content": "adesso possiamo acquistare un frigorifero usato per le nuove residenze che stiamo realizzando", "content_it": "adesso possiamo acquistare un frigorifero usato per le nuove residenze che stiamo realizzando", "content_en": null}}, {"model": "pages.text", "pk": 73, "fields": {"section": 27, "project": null, "project_section": null, "order": 7, "title": "80", "title_it": "80", "title_en": null, "subtitle": null, "subtitle_it": null, "subtitle_en": null, "content": "compreremo un forno elettrico usato grazie a te", "content_it": "compreremo un forno elettrico usato grazie a te", "content_en": null}}, {"model": "pages.text", "pk": 74, "fields": {"section": 27, "project": null, "project_section": null, "order": 8, "title": "100", "title_it": "100", "title_en": null, "subtitle": null, "subtitle_it": null, "subtitle_en": null, "content": "ci hai donato un letto per le nuove abitazioni che metteremo a disposizioni dei senzatetto", "content_it": "ci hai donato un letto per le nuove abitazioni che metteremo a disposizioni dei senzatetto", "content_en": null}}, {"model": "pages.text", "pk": 75, "fields": {"section": 27, "project": null, "project_section": null, "order": 9, "title": "150", "title_it": "150", "title_en": null, "subtitle": null, "subtitle_it": null, "subtitle_en": null, "content": "grazie a te riusciremo ad installare una nuova doccia nel bagno della casa che stiamo ristrutturando", "content_it": "grazie a te riusciremo ad installare una nuova doccia nel bagno della casa che stiamo ristrutturando", "content_en": null}}, {"model": "pages.text", "pk": 76, "fields": {"section": 27, "project": null, "project_section": null, "order": 10, "title": "300", "title_it": "300", "title_en": null, "subtitle": null, "subtitle_it": null, "subtitle_en": null, "content": "ci permetterai di dare il bianco in una stanza", "content_it": "ci permetterai di dare il bianco in una stanza", "content_en": null}}, {"model": "pages.text", "pk": 77, "fields": {"section": 27, "project": null, "project_section": null, "order": 11, "title": "700", "title_it": "700", "title_en": null, "subtitle": null, "subtitle_it": null, "subtitle_en": null, "content": "grazie a questa semplice scelta avremo 2 nuove finestre da installare", "content_it": "grazie a questa semplice scelta avremo 2 nuove finestre da installare", "content_en": null}}, {"model": "pages.text", "pk": 78, "fields": {"section": 27, "project": null, "project_section": null, "order": 12, "title": "1000", "title_it": "1000", "title_en": null, "subtitle": null, "subtitle_it": null, "subtitle_en": null, "content": "potremmo pagare 1 mese di tirocinio formativo ad un nuovo spirante eco-lavoratore", "content_it": "potremmo pagare 1 mese di tirocinio formativo ad un nuovo spirante eco-lavoratore", "content_en": null}}, {"model": "pages.text", "pk": 79, "fields": {"section": 28, "project": null, "project_section": null, "order": 0, "title": "nome", "title_it": "nome", "title_en": "first name", "subtitle": null, "subtitle_it": null, "subtitle_en": null, "content": null, "content_it": null, "content_en": null}}, {"model": "pages.text", "pk": 80, "fields": {"section": 28, "project": null, "project_section": null, "order": 1, "title": "cognome", "title_it": "cognome", "title_en": "last name", "subtitle": null, "subtitle_it": null, "subtitle_en": null, "content": null, "content_it": null, "content_en": null}}, {"model": "pages.text", "pk": 81, "fields": {"section": 28, "project": null, "project_section": null, "order": 2, "title": "e-mail", "title_it": "e-mail", "title_en": null, "subtitle": null, "subtitle_it": null, "subtitle_en": null, "content": null, "content_it": null, "content_en": null}}, {"model": "pages.text", "pk": 82, "fields": {"section": 28, "project": null, "project_section": null, "order": 3, "title": "oggetto", "title_it": "oggetto", "title_en": null, "subtitle": null, "subtitle_it": null, "subtitle_en": null, "content": "richiesta informazioni, voglio proporre un progetto, ho un immobile inutilizzato, voglio donare il mio tempo come volontario, altro", "content_it": "richiesta informazioni, voglio proporre un progetto, ho un immobile inutilizzato, voglio donare il mio tempo come volontario, altro", "content_en": null}}, {"model": "pages.text", "pk": 83, "fields": {"section": 28, "project": null, "project_section": null, "order": 4, "title": "Messaggio", "title_it": "Messaggio", "title_en": "Message", "subtitle": null, "subtitle_it": null, "subtitle_en": null, "content": null, "content_it": null, "content_en": null}}, {"model": "pages.text", "pk": 84, "fields": {"section": 28, "project": null, "project_section": null, "order": 6, "title": "Accetto i termini del servizio", "title_it": "Accetto i termini del servizio", "title_en": null, "subtitle": null, "subtitle_it": null, "subtitle_en": null, "content": null, "content_it": null, "content_en": null}}, {"model": "pages.text", "pk": 85, "fields": {"section": 28, "project": null, "project_section": null, "order": 5, "title": "Voglio iscrivermi alla newsltter", "title_it": "Voglio iscrivermi alla newsltter", "title_en": null, "subtitle": null, "subtitle_it": null, "subtitle_en": null, "content": null, "content_it": null, "content_en": null}}, {"model": "pages.text", "pk": 86, "fields": {"section": 33, "project": null, "project_section": null, "order": 0, "title": null, "title_it": null, "title_en": null, "subtitle": null, "subtitle_it": null, "subtitle_en": null, "content": "sdgfi fdsfu dsuf dsfsd asdgfi fdsfu dsuf dsfsd asdgfi fdsfu dsuf dsfsd asdgfi fdsfu dsuf dsfsd asdgfi fdsfu dsuf dsfsd asdgfi fdsfu dsuf dsfsd asdgfi fdsfu dsuf dsfsd asdgfi fdsfu dsuf dsfsd a", "content_it": "sdgfi fdsfu dsuf dsfsd asdgfi fdsfu dsuf dsfsd asdgfi fdsfu dsuf dsfsd asdgfi fdsfu dsuf dsfsd asdgfi fdsfu dsuf dsfsd asdgfi fdsfu dsuf dsfsd asdgfi fdsfu dsuf dsfsd asdgfi fdsfu dsuf dsfsd a", "content_en": null}}, {"model": "pages.image", "pk": 1, "fields": {"section": null, "project": null, "project_section": null, "order": 0, "content": "HELP_LOGO_5wBfu2X.png", "content_it": "HELP_LOGO_5wBfu2X.png", "content_en": "HELP_LOGO_isia8oj.png", "alt_content": "HELP_LOGO_WHITE_mp8MUQT.png", "alt_content_it": "HELP_LOGO_WHITE_mp8MUQT.png", "alt_content_en": "", "alt": null, "alt_it": null, "alt_en": null}}, {"model": "pages.image", "pk": 2, "fields": {"section": 1, "project": null, "project_section": null, "order": 0, "content": "HOME_FOLD_PRIMA_eTJKmqS.png", "content_it": "HOME_FOLD_PRIMA_eTJKmqS.png", "content_en": "", "alt_content": "HOME_FOLD_DOPO_5E7wCZU.png", "alt_content_it": "HOME_FOLD_DOPO_5E7wCZU.png", "alt_content_en": "", "alt": null, "alt_it": null, "alt_en": null}}, {"model": "pages.image", "pk": 3, "fields": {"section": 2, "project": null, "project_section": null, "order": 0, "content": "HOME_FUNZIONAMENTO_ACQUISIRE.png", "content_it": "HOME_FUNZIONAMENTO_ACQUISIRE.png", "content_en": "HOME_FUNZIONAMENTO_ACQUISIRE_6UlVazq.png", "alt_content": "", "alt_content_it": "", "alt_content_en": "", "alt": null, "alt_it": null, "alt_en": null}}, {"model": "pages.image", "pk": 4, "fields": {"section": 2, "project": null, "project_section": null, "order": 1, "content": "HOME_FUNZIONAMENTO_RIGENERARE_OFpzsKV.png", "content_it": "HOME_FUNZIONAMENTO_RIGENERARE_OFpzsKV.png", "content_en": "HOME_FUNZIONAMENTO_RIGENERARE_nINz7S3.png", "alt_content": "", "alt_content_it": "", "alt_content_en": "", "alt": null, "alt_it": null, "alt_en": null}}, {"model": "pages.image", "pk": 5, "fields": {"section": 2, "project": null, "project_section": null, "order": 2, "content": "HOME_FUNZIONAMENTO_ASSEGNARE_d6JBgXB.png", "content_it": "HOME_FUNZIONAMENTO_ASSEGNARE_d6JBgXB.png", "content_en": "HOME_FUNZIONAMENTO_ASSEGNARE_LdexdAm.png", "alt_content": "", "alt_content_it": "", "alt_content_en": "", "alt": null, "alt_it": null, "alt_en": null}}, {"model": "pages.image", "pk": 6, "fields": {"section": 3, "project": null, "project_section": null, "order": 0, "content": "HOME_INFOGRAFICA_IMPATTI_PAROLEGRANDI_9Uh8YvZ.png", "content_it": "HOME_INFOGRAFICA_IMPATTI_PAROLEGRANDI_9Uh8YvZ.png", "content_en": "", "alt_content": "", "alt_content_it": "", "alt_content_en": "", "alt": null, "alt_it": null, "alt_en": null}}, {"model": "pages.image", "pk": 7, "fields": {"section": 4, "project": null, "project_section": null, "order": 0, "content": "HOME_ESPLOSO2_81sv1Xv.gif", "content_it": "HOME_ESPLOSO2_81sv1Xv.gif", "content_en": "", "alt_content": "", "alt_content_it": "", "alt_content_en": "", "alt": null, "alt_it": null, "alt_en": null}}, {"model": "pages.image", "pk": 8, "fields": {"section": 7, "project": null, "project_section": null, "order": 0, "content": "DONA_20.png", "content_it": "DONA_20.png", "content_en": "", "alt_content": "", "alt_content_it": "", "alt_content_en": "", "alt": null, "alt_it": null, "alt_en": null}}, {"model": "pages.image", "pk": 9, "fields": {"section": 7, "project": null, "project_section": null, "order": 1, "content": "DONA_50.png", "content_it": "DONA_50.png", "content_en": "", "alt_content": "", "alt_content_it": "", "alt_content_en": "", "alt": null, "alt_it": null, "alt_en": null}}, {"model": "pages.image", "pk": 10, "fields": {"section": 7, "project": null, "project_section": null, "order": 2, "content": "DONA_150.png", "content_it": "DONA_150.png", "content_en": "", "alt_content": "", "alt_content_it": "", "alt_content_en": "", "alt": null, "alt_it": null, "alt_en": null}}, {"model": "pages.image", "pk": 11, "fields": {"section": 8, "project": null, "project_section": null, "order": 0, "content": "DONA_SENZATETTO_PICCIONE.png", "content_it": "DONA_SENZATETTO_PICCIONE.png", "content_en": "", "alt_content": "", "alt_content_it": "", "alt_content_en": "", "alt": null, "alt_it": null, "alt_en": null}}, {"model": "pages.image", "pk": 12, "fields": {"section": 10, "project": null, "project_section": null, "order": 0, "content": "TEAM.png", "content_it": "TEAM.png", "content_en": "", "alt_content": "", "alt_content_it": "", "alt_content_en": "", "alt": null, "alt_it": null, "alt_en": null}}, {"model": "pages.image", "pk": 13, "fields": {"section": 11, "project": null, "project_section": null, "order": 0, "content": "FUNZIONAMENTO_STEP_1.png", "content_it": "FUNZIONAMENTO_STEP_1.png", "content_en": "", "alt_content": "", "alt_content_it": "", "alt_content_en": "", "alt": null, "alt_it": null, "alt_en": null}}, {"model": "pages.image", "pk": 14, "fields": {"section": 11, "project": null, "project_section": null, "order": 1, "content": "FUNZIONAMENTO_STEP_2.png", "content_it": "FUNZIONAMENTO_STEP_2.png", "content_en": "", "alt_content": "", "alt_content_it": "", "alt_content_en": "", "alt": null, "alt_it": null, "alt_en": null}}, {"model": "pages.image", "pk": 15, "fields": {"section": 11, "project": null, "project_section": null, "order": 2, "content": "FUNZIONAMENTO_STEP_3.png", "content_it": "FUNZIONAMENTO_STEP_3.png", "content_en": "", "alt_content": "", "alt_content_it": "", "alt_content_en": "", "alt": null, "alt_it": null, "alt_en": null}}, {"model": "pages.image", "pk": 16, "fields": {"section": 11, "project": null, "project_section": null, "order": 3, "content": "FUNZIONAMENTO_STEP_4.png", "content_it": "FUNZIONAMENTO_STEP_4.png", "content_en": "", "alt_content": "", "alt_content_it": "", "alt_content_en": "", "alt": null, "alt_it": null, "alt_en": null}}, {"model": "pages.image", "pk": 17, "fields": {"section": 11, "project": null, "project_section": null, "order": 4, "content": "FUNZIONAMENTO_STEP_5.png", "content_it": "FUNZIONAMENTO_STEP_5.png", "content_en": "", "alt_content": "", "alt_content_it": "", "alt_content_en": "", "alt": null, "alt_it": null, "alt_en": null}}, {"model": "pages.image", "pk": 18, "fields": {"section": 11, "project": null, "project_section": null, "order": 5, "content": "FUNZIONAMENTO_STEP_6.png", "content_it": "FUNZIONAMENTO_STEP_6.png", "content_en": "", "alt_content": "", "alt_content_it": "", "alt_content_en": "", "alt": null, "alt_it": null, "alt_en": null}}, {"model": "pages.image", "pk": 19, "fields": {"section": 12, "project": null, "project_section": null, "order": 0, "content": "TEAM_DOVESIAMO_NFBYzcY.png", "content_it": "TEAM_DOVESIAMO_NFBYzcY.png", "content_en": "", "alt_content": "", "alt_content_it": "", "alt_content_en": "", "alt": null, "alt_it": null, "alt_en": null}}, {"model": "pages.image", "pk": 20, "fields": {"section": 13, "project": null, "project_section": null, "order": 0, "content": "TEAM_USORISORSE_SaO903X.png", "content_it": "TEAM_USORISORSE_SaO903X.png", "content_en": "", "alt_content": "", "alt_content_it": "", "alt_content_en": "", "alt": null, "alt_it": null, "alt_en": null}}, {"model": "pages.image", "pk": 21, "fields": {"section": 15, "project": null, "project_section": null, "order": 0, "content": "PARTECIPA_COPERTINA_Bn2wncF.png", "content_it": "PARTECIPA_COPERTINA_Bn2wncF.png", "content_en": "", "alt_content": "", "alt_content_it": "", "alt_content_en": "", "alt": null, "alt_it": null, "alt_en": null}}, {"model": "pages.image", "pk": 22, "fields": {"section": 16, "project": null, "project_section": null, "order": 0, "content": "PARTECIPA_TEMPO.png", "content_it": "PARTECIPA_TEMPO.png", "content_en": "", "alt_content": "", "alt_content_it": "", "alt_content_en": "", "alt": null, "alt_it": null, "alt_en": null}}, {"model": "pages.image", "pk": 23, "fields": {"section": 16, "project": null, "project_section": null, "order": 1, "content": "PARTECIPA_IMMOBILE.png", "content_it": "PARTECIPA_IMMOBILE.png", "content_en": "", "alt_content": "", "alt_content_it": "", "alt_content_en": "", "alt": null, "alt_it": null, "alt_en": null}}, {"model": "pages.image", "pk": 24, "fields": {"section": 16, "project": null, "project_section": null, "order": 2, "content": "PARTECIPA_PROPONIPROGETTO.png", "content_it": "PARTECIPA_PROPONIPROGETTO.png", "content_en": "", "alt_content": "", "alt_content_it": "", "alt_content_en": "", "alt": null, "alt_it": null, "alt_en": null}}, {"model": "pages.image", "pk": 25, "fields": {"section": 16, "project": null, "project_section": null, "order": 3, "content": "PARTECIPA_NONPROFIT.png", "content_it": "PARTECIPA_NONPROFIT.png", "content_en": "", "alt_content": "", "alt_content_it": "", "alt_content_en": "", "alt": null, "alt_it": null, "alt_en": null}}, {"model": "pages.image", "pk": 33, "fields": {"section": null, "project": 1, "project_section": "context", "order": 0, "content": "CHIESA_OUTFOCUS_vertical.jpg", "content_it": "CHIESA_OUTFOCUS_vertical.jpg", "content_en": "", "alt_content": "", "alt_content_it": "", "alt_content_en": "", "alt": null, "alt_it": null, "alt_en": null}}, {"model": "pages.image", "pk": 34, "fields": {"section": null, "project": 1, "project_section": "context", "order": 1, "content": "CUNICOLO_vertical.jpg", "content_it": "CUNICOLO_vertical.jpg", "content_en": "", "alt_content": "", "alt_content_it": "", "alt_content_en": "", "alt": null, "alt_it": null, "alt_en": null}}, {"model": "pages.image", "pk": 35, "fields": {"section": null, "project": 1, "project_section": "context", "order": 2, "content": "DETTAGLIO2_VERTICALE_9lygfoL.jpg", "content_it": "DETTAGLIO2_VERTICALE_9lygfoL.jpg", "content_en": "", "alt_content": "", "alt_content_it": "", "alt_content_en": "", "alt": null, "alt_it": null, "alt_en": null}}, {"model": "pages.image", "pk": 36, "fields": {"section": null, "project": 1, "project_section": "context", "order": 3, "content": "PAESAGGIO2_copy_2_NvqQoTR.jpg", "content_it": "PAESAGGIO2_copy_2_NvqQoTR.jpg", "content_en": "", "alt_content": "", "alt_content_it": "", "alt_content_en": "", "alt": null, "alt_it": null, "alt_en": null}}, {"model": "pages.image", "pk": 37, "fields": {"section": null, "project": 1, "project_section": "context", "order": 4, "content": "PAESAGGIO_TUFILLO2_copy.jpg", "content_it": "PAESAGGIO_TUFILLO2_copy.jpg", "content_en": "", "alt_content": "", "alt_content_it": "", "alt_content_en": "", "alt": null, "alt_it": null, "alt_en": null}}, {"model": "pages.image", "pk": 38, "fields": {"section": null, "project": 1, "project_section": "context", "order": 5, "content": "STRADA_TUFILLO2_VERTICALE.jpg", "content_it": "STRADA_TUFILLO2_VERTICALE.jpg", "content_en": "", "alt_content": "", "alt_content_it": "", "alt_content_en": "", "alt": null, "alt_it": null, "alt_en": null}}, {"model": "pages.image", "pk": 39, "fields": {"section": null, "project": 1, "project_section": "context", "order": 6, "content": "STRADA_TUFILLO_VERTICALE_copy.jpg", "content_it": "STRADA_TUFILLO_VERTICALE_copy.jpg", "content_en": "", "alt_content": "", "alt_content_it": "", "alt_content_en": "", "alt": null, "alt_it": null, "alt_en": null}}, {"model": "pages.image", "pk": 40, "fields": {"section": null, "project": 1, "project_section": "state_of_art", "order": 0, "content": "CASA3_ESTERNI3_VERTICALE.jpg", "content_it": "CASA3_ESTERNI3_VERTICALE.jpg", "content_en": "", "alt_content": "", "alt_content_it": "", "alt_content_en": "", "alt": null, "alt_it": null, "alt_en": null}}, {"model": "pages.image", "pk": 41, "fields": {"section": null, "project": 1, "project_section": "state_of_art", "order": 1, "content": "CASA3_INTERNI.jpg", "content_it": "CASA3_INTERNI.jpg", "content_en": "", "alt_content": "", "alt_content_it": "", "alt_content_en": "", "alt": null, "alt_it": null, "alt_en": null}}, {"model": "pages.image", "pk": 42, "fields": {"section": null, "project": 1, "project_section": "state_of_art", "order": 2, "content": "CASA3_INTERNI3_VERTICALE.jpg", "content_it": "CASA3_INTERNI3_VERTICALE.jpg", "content_en": "", "alt_content": "", "alt_content_it": "", "alt_content_en": "", "alt": null, "alt_it": null, "alt_en": null}}, {"model": "pages.image", "pk": 43, "fields": {"section": null, "project": 1, "project_section": "state_of_art", "order": 3, "content": "CASA3_INTERNI5_VERTICALE.jpg", "content_it": "CASA3_INTERNI5_VERTICALE.jpg", "content_en": "", "alt_content": "", "alt_content_it": "", "alt_content_en": "", "alt": null, "alt_it": null, "alt_en": null}}, {"model": "pages.image", "pk": 44, "fields": {"section": null, "project": 1, "project_section": "state_of_art", "order": 4, "content": "CASA3_VISTA_BALCONE.jpg", "content_it": "CASA3_VISTA_BALCONE.jpg", "content_en": "", "alt_content": "", "alt_content_it": "", "alt_content_en": "", "alt": null, "alt_it": null, "alt_en": null}}, {"model": "pages.image", "pk": 45, "fields": {"section": null, "project": 1, "project_section": "state_of_art", "order": 5, "content": "CASA3_VISTA_STRADA.jpg", "content_it": "CASA3_VISTA_STRADA.jpg", "content_en": "", "alt_content": "", "alt_content_it": "", "alt_content_en": "", "alt": null, "alt_it": null, "alt_en": null}}, {"model": "pages.image", "pk": 46, "fields": {"section": null, "project": 1, "project_section": "state_of_art", "order": 6, "content": "CONCIO_opGqyeE.jpg", "content_it": "CONCIO_opGqyeE.jpg", "content_en": "", "alt_content": "", "alt_content_it": "", "alt_content_en": "", "alt": null, "alt_it": null, "alt_en": null}}, {"model": "pages.image", "pk": 47, "fields": {"section": null, "project": 1, "project_section": "design", "order": 1, "content": "PROGETTI_ESPLOSO_PROGETTO_PIANI.png", "content_it": "PROGETTI_ESPLOSO_PROGETTO_PIANI.png", "content_en": "", "alt_content": "", "alt_content_it": "", "alt_content_en": "", "alt": null, "alt_it": null, "alt_en": null}}, {"model": "pages.image", "pk": 48, "fields": {"section": null, "project": 1, "project_section": "design", "order": 0, "content": "No_Borders__3.png", "content_it": "No_Borders__3.png", "content_en": "", "alt_content": "", "alt_content_it": "", "alt_content_en": "", "alt": null, "alt_it": null, "alt_en": null}}, {"model": "pages.image", "pk": 49, "fields": {"section": 23, "project": null, "project_section": null, "order": 0, "content": "5x1000_cover.png", "content_it": "5x1000_cover.png", "content_en": "", "alt_content": "", "alt_content_it": "", "alt_content_en": "", "alt": null, "alt_it": null, "alt_en": null}}, {"model": "pages.image", "pk": 50, "fields": {"section": 24, "project": null, "project_section": null, "order": 0, "content": "5x1000.png", "content_it": "5x1000.png", "content_en": "", "alt_content": "", "alt_content_it": "", "alt_content_en": "", "alt": null, "alt_it": null, "alt_en": null}}, {"model": "pages.image", "pk": 51, "fields": {"section": 24, "project": null, "project_section": null, "order": 1, "content": "5x1000_3.png", "content_it": "5x1000_3.png", "content_en": "", "alt_content": "", "alt_content_it": "", "alt_content_en": "", "alt": null, "alt_it": null, "alt_en": null}}, {"model": "pages.image", "pk": 52, "fields": {"section": 24, "project": null, "project_section": null, "order": 2, "content": "5x1000_2.png", "content_it": "5x1000_2.png", "content_en": "", "alt_content": "", "alt_content_it": "", "alt_content_en": "", "alt": null, "alt_it": null, "alt_en": null}}, {"model": "pages.image", "pk": 53, "fields": {"section": 25, "project": null, "project_section": null, "order": 0, "content": "5x1000_8.png", "content_it": "5x1000_8.png", "content_en": "", "alt_content": "", "alt_content_it": "", "alt_content_en": "", "alt": null, "alt_it": null, "alt_en": null}}, {"model": "pages.image", "pk": 54, "fields": {"section": 25, "project": null, "project_section": null, "order": 1, "content": "5x1000_9.png", "content_it": "5x1000_9.png", "content_en": "", "alt_content": "", "alt_content_it": "", "alt_content_en": "", "alt": null, "alt_it": null, "alt_en": null}}, {"model": "pages.image", "pk": 55, "fields": {"section": 25, "project": null, "project_section": null, "order": 2, "content": "5x1000_7.png", "content_it": "5x1000_7.png", "content_en": "", "alt_content": "", "alt_content_it": "", "alt_content_en": "", "alt": null, "alt_it": null, "alt_en": null}}, {"model": "pages.image", "pk": 56, "fields": {"section": 28, "project": null, "project_section": null, "order": 0, "content": "CONTATTI_letterina.gif", "content_it": "CONTATTI_letterina.gif", "content_en": "", "alt_content": "", "alt_content_it": "", "alt_content_en": "", "alt": null, "alt_it": null, "alt_en": null}}, {"model": "pages.image", "pk": 57, "fields": {"section": 29, "project": null, "project_section": null, "order": 0, "content": "Progetti_2.png", "content_it": "Progetti_2.png", "content_en": "", "alt_content": "", "alt_content_it": "", "alt_content_en": "", "alt": null, "alt_it": null, "alt_en": null}}, {"model": "pages.button", "pk": 1, "fields": {"section": null, "project": null, "project_section": null, "order": 0, "to": "/donations", "href": null, "target": null, "text_0": null, "text_0_it": null, "text_0_en": null, "text_1": "dons", "text_1_it": "dons", "text_1_en": "donate"}}, {"model": "pages.button", "pk": 2, "fields": {"section": null, "project": null, "project_section": null, "order": 1, "to": "/contacts", "href": null, "target": null, "text_0": null, "text_0_it": null, "text_0_en": null, "text_1": "contattaci", "text_1_it": "contattaci", "text_1_en": "contact us"}}, {"model": "pages.button", "pk": 3, "fields": {"section": 1, "project": null, "project_section": null, "order": 0, "to": "/get-involved", "href": null, "target": null, "text_0": "Fai partire il cantiere!", "text_0_it": "Fai partire il cantiere!", "text_0_en": "Let's start the work!", "text_1": null, "text_1_it": null, "text_1_en": null}}, {"model": "pages.button", "pk": 4, "fields": {"section": 4, "project": null, "project_section": null, "order": 0, "to": "/projects", "href": null, "target": null, "text_0": "scopri di pi\u00f9", "text_0_it": "scopri di pi\u00f9", "text_0_en": "read more", "text_1": null, "text_1_it": null, "text_1_en": null}}, {"model": "pages.button", "pk": 5, "fields": {"section": 8, "project": null, "project_section": null, "order": 0, "to": null, "href": "http://www.google.it", "target": "_blank", "text_0": "DONA", "text_0_it": "DONA", "text_0_en": null, "text_1": null, "text_1_it": null, "text_1_en": null}}, {"model": "pages.button", "pk": 6, "fields": {"section": 14, "project": null, "project_section": null, "order": 0, "to": null, "href": null, "target": "_blank", "text_0": "scarica", "text_0_it": "scarica", "text_0_en": null, "text_1": null, "text_1_it": null, "text_1_en": null}}, {"model": "pages.button", "pk": 7, "fields": {"section": 14, "project": null, "project_section": null, "order": 1, "to": null, "href": null, "target": "_blank", "text_0": "scarica", "text_0_it": "scarica", "text_0_en": null, "text_1": null, "text_1_it": null, "text_1_en": null}}, {"model": "pages.button", "pk": 8, "fields": {"section": 16, "project": null, "project_section": null, "order": 0, "to": null, "href": null, "target": null, "text_0": "scrivici", "text_0_it": "scrivici", "text_0_en": null, "text_1": null, "text_1_it": null, "text_1_en": null}}, {"model": "pages.button", "pk": 9, "fields": {"section": 16, "project": null, "project_section": null, "order": 1, "to": null, "href": null, "target": null, "text_0": "scrivici", "text_0_it": "scrivici", "text_0_en": null, "text_1": null, "text_1_it": null, "text_1_en": null}}, {"model": "pages.button", "pk": 10, "fields": {"section": 16, "project": null, "project_section": null, "order": 2, "to": null, "href": null, "target": null, "text_0": "scrivici", "text_0_it": "scrivici", "text_0_en": null, "text_1": null, "text_1_it": null, "text_1_en": null}}, {"model": "pages.button", "pk": 11, "fields": {"section": 16, "project": null, "project_section": null, "order": 3, "to": null, "href": null, "target": null, "text_0": "scrivici", "text_0_it": "scrivici", "text_0_en": null, "text_1": null, "text_1_it": null, "text_1_en": null}}, {"model": "pages.button", "pk": 12, "fields": {"section": 28, "project": null, "project_section": null, "order": 0, "to": null, "href": null, "target": null, "text_0": "invia", "text_0_it": "invia", "text_0_en": null, "text_1": null, "text_1_it": null, "text_1_en": null}}, {"model": "pages.button", "pk": 13, "fields": {"section": 28, "project": null, "project_section": null, "order": 1, "to": null, "href": null, "target": null, "text_0": "cancella", "text_0_it": "cancella", "text_0_en": null, "text_1": null, "text_1_it": null, "text_1_en": null}}, {"model": "pages.button", "pk": 14, "fields": {"section": null, "project": 1, "project_section": null, "order": 0, "to": "/projects--details", "href": null, "target": null, "text_0": "approfondisci", "text_0_it": "approfondisci", "text_0_en": null, "text_1": null, "text_1_it": null, "text_1_en": null}}, {"model": "pages.button", "pk": 15, "fields": {"section": null, "project": null, "project_section": null, "order": 7, "to": "/projects--non-ci-posso-credere", "href": null, "target": null, "text_0": null, "text_0_it": null, "text_0_en": null, "text_1": null, "text_1_it": null, "text_1_en": null}}, {"model": "pages.button", "pk": 16, "fields": {"section": 8, "project": null, "project_section": null, "order": 4, "to": "/about", "href": "http://www.yahoo.it", "target": "_blank", "text_0": "Vai", "text_0_it": "Vai", "text_0_en": null, "text_1": null, "text_1_it": null, "text_1_en": null}}, {"model": "pages.document", "pk": 1, "fields": {"section": 14, "project": null, "project_section": null, "order": 0, "title": "statuto", "title_it": "statuto", "title_en": null, "description": "i nostri valori e i nostri principi", "description_it": "i nostri valori e i nostri principi", "description_en": null, "file": "STATUTO.pdf"}}, {"model": "pages.document", "pk": 2, "fields": {"section": 14, "project": null, "project_section": null, "order": 1, "title": "bilancio", "title_it": "bilancio", "title_en": null, "description": "guarda i nostri numeri", "description_it": "guarda i nostri numeri", "description_en": null, "file": "statuto_comuni_del_sinello.pdf"}}, {"model": "pages.footer", "pk": 1, "fields": {"corporate_full_name": "Human Evolution for Landscape Protection", "corporate_short_name": "HELP", "footer_1_col_title": "fdssdf", "footer_1_col_title_it": "fdssdf", "footer_1_col_title_en": "vdsgfs", "footer_2_col_title": "g34td fhsd uf", "footer_2_col_title_it": "g34td fhsd uf", "footer_2_col_title_en": "fsdohf", "footer_3_col_title": "gfohg s", "footer_3_col_title_it": "gfohg s", "footer_3_col_title_en": "oheow", "donation_title": "sostienici", "donation_title_it": "sostienici", "donation_title_en": "support us", "footer_1_col_text": "fasdf sdf sf dsfasdafsdf ifsdghifudsa fiudshf 9usdfuasdu", "footer_1_col_text_it": "fasdf sdf sf dsfasdafsdf ifsdghifudsa fiudshf 9usdfuasdu", "footer_1_col_text_en": "rhwer9u0fjier34y9 t3798t 595 t895igjoi d", "footer_2_col_text": null, "footer_2_col_text_it": null, "footer_2_col_text_en": null, "footer_3_col_text": null, "footer_3_col_text_it": null, "footer_3_col_text_en": null, "newsletter_text": "Inserisci la tua mail", "newsletter_text_it": "Inserisci la tua mail", "newsletter_text_en": "type your email", "subscribe_btn_text": "iscriviti", "subscribe_btn_text_it": "iscriviti", "subscribe_btn_text_en": "subscribe", "email": "info@help-noprofit.org", "fiscal_code": "236452356", "registered_office": "o shs", "registered_office_it": "o shs", "registered_office_en": "dasdasdsad"}}, {"model": "pages.layout", "pk": 1, "fields": {"name": "default", "logo": 1, "donation_button": 1, "contact_button": 2, "footer": 1, "socials": null, "privacy_text": "<h3>Informativa resa ai sensi degli articoli 13-14 del GDPR 2016/679</h3>\r\n(General Data Protection Regulation)\r\n<br><br>\r\nAi sensi dell\u2019art. 13 del Regolamento UE 2016/679 ed in relazione alle informazioni di cui si entrer\u00e0 in possesso, ai fini della tutela delle persone e altri soggetti in materia di trattamento di dati personali, si informa quanto segue:\r\n<br>\r\nFinalit\u00e0 del Trattamento. I dati da Lei forniti verranno utilizzati allo scopo e per il fine di iscriverla alla newsletter dell\u2019associazione HELP per ricevere comunicazioni relative ai progetti e le attivit\u00e0 dell\u2019associazione.\r\n<br>\r\nModalit\u00e0 del Trattamento. Le modalit\u00e0 con la quale verranno trattati i dati personali contemplano l\u2019invio di email.\r\n<br>\r\nConferimento dei dati. Il conferimento dei dati per le finalit\u00e0 di cui al punto 1 sono obbligatori e l\u2019eventuale rifiuto dell\u2019autorizzazione comporta la mancata iscrizione alla newsletter\r\n<br>\r\nComunicazione e diffusione dei dati. i dati forniti non saranno soggetti a comunicazione n\u00e9 a diffusione\r\n<br>\r\nTitolare del Trattamento. Il titolare del trattamento dei dati personali \u00e8 Human Evolution for Landscape Protection ONLUS.\r\n<br>\r\nResponsabile del Trattamento. Sar\u00e0 responsabile del trattamento dei dati forniti la presidente, Chiara Cuatto, il vicepresidente, Giovanni Scardapane ed eventuali futuri fundraisers in aggiunta al gruppo.\r\n<br>\r\nDiritti dell\u2019interessato. In ogni momento, Lei potr\u00e0 esercitare, ai sensi degli articoli dal 15 al 22 del Regolamento UE n. 2016/679, il diritto di:\r\n<br>- chiedere la conferma dell\u2019esistenza o meno di propri dati personali;\r\n<br>- ottenere le indicazioni circa le finalit\u00e0 del trattamento, le categorie dei dati personali, i destinatari o le categorie di destinatari a cui i dati personali sono stati o saranno comunicati e, quando possibile, il periodo di conservazione;\r\n<br>- ottenere la rettifica e la cancellazione dei dati;\r\n<br>- ottenere la limitazione del trattamento;\r\n<br>- ottenere la portabilit\u00e0 dei dati, ossia riceverli da un titolare del trattamento, in un formato strutturato, di uso comune e leggibile da dispositivo automatico, e trasmetterli ad un altro titolare del trattamento senza impedimenti;\r\n<br>- opporsi al trattamento in qualsiasi momento ed anche nel caso di trattamento per finalit\u00e0 di marketing diretto;\r\n<br>- opporsi ad un processo decisionale automatizzato relativo alle persone fisiche, compresa la profilazione.\r\n<br>- chiedere al titolare del trattamento l\u2019accesso ai dati personali e la rettifica o la cancellazione degli stessi o la limitazione del trattamento che lo riguardano o di opporsi al loro trattamento, oltre al diritto alla portabilit\u00e0 dei dati;\r\n<br>- revocare il consenso in qualsiasi momento senza pregiudicare la liceit\u00e0 del trattamento basata sul consenso prestato prima della revoca;\r\n<br>- proporre reclamo a un\u2019autorit\u00e0 di controllo.\r\n<br>\r\n<br>\r\nPu\u00f2 esercitare i Suoi diritti con richiesta scritta inviata a HELP, all\u2019indirizzo postale della sede legale o all\u2019indirizzo mail info@help-noprofit.org", "privacy_text_it": "<h3>Informativa resa ai sensi degli articoli 13-14 del GDPR 2016/679</h3>\r\n(General Data Protection Regulation)\r\n<br><br>\r\nAi sensi dell\u2019art. 13 del Regolamento UE 2016/679 ed in relazione alle informazioni di cui si entrer\u00e0 in possesso, ai fini della tutela delle persone e altri soggetti in materia di trattamento di dati personali, si informa quanto segue:\r\n<br>\r\nFinalit\u00e0 del Trattamento. I dati da Lei forniti verranno utilizzati allo scopo e per il fine di iscriverla alla newsletter dell\u2019associazione HELP per ricevere comunicazioni relative ai progetti e le attivit\u00e0 dell\u2019associazione.\r\n<br>\r\nModalit\u00e0 del Trattamento. Le modalit\u00e0 con la quale verranno trattati i dati personali contemplano l\u2019invio di email.\r\n<br>\r\nConferimento dei dati. Il conferimento dei dati per le finalit\u00e0 di cui al punto 1 sono obbligatori e l\u2019eventuale rifiuto dell\u2019autorizzazione comporta la mancata iscrizione alla newsletter\r\n<br>\r\nComunicazione e diffusione dei dati. i dati forniti non saranno soggetti a comunicazione n\u00e9 a diffusione\r\n<br>\r\nTitolare del Trattamento. Il titolare del trattamento dei dati personali \u00e8 Human Evolution for Landscape Protection ONLUS.\r\n<br>\r\nResponsabile del Trattamento. Sar\u00e0 responsabile del trattamento dei dati forniti la presidente, Chiara Cuatto, il vicepresidente, Giovanni Scardapane ed eventuali futuri fundraisers in aggiunta al gruppo.\r\n<br>\r\nDiritti dell\u2019interessato. In ogni momento, Lei potr\u00e0 esercitare, ai sensi degli articoli dal 15 al 22 del Regolamento UE n. 2016/679, il diritto di:\r\n<br>- chiedere la conferma dell\u2019esistenza o meno di propri dati personali;\r\n<br>- ottenere le indicazioni circa le finalit\u00e0 del trattamento, le categorie dei dati personali, i destinatari o le categorie di destinatari a cui i dati personali sono stati o saranno comunicati e, quando possibile, il periodo di conservazione;\r\n<br>- ottenere la rettifica e la cancellazione dei dati;\r\n<br>- ottenere la limitazione del trattamento;\r\n<br>- ottenere la portabilit\u00e0 dei dati, ossia riceverli da un titolare del trattamento, in un formato strutturato, di uso comune e leggibile da dispositivo automatico, e trasmetterli ad un altro titolare del trattamento senza impedimenti;\r\n<br>- opporsi al trattamento in qualsiasi momento ed anche nel caso di trattamento per finalit\u00e0 di marketing diretto;\r\n<br>- opporsi ad un processo decisionale automatizzato relativo alle persone fisiche, compresa la profilazione.\r\n<br>- chiedere al titolare del trattamento l\u2019accesso ai dati personali e la rettifica o la cancellazione degli stessi o la limitazione del trattamento che lo riguardano o di opporsi al loro trattamento, oltre al diritto alla portabilit\u00e0 dei dati;\r\n<br>- revocare il consenso in qualsiasi momento senza pregiudicare la liceit\u00e0 del trattamento basata sul consenso prestato prima della revoca;\r\n<br>- proporre reclamo a un\u2019autorit\u00e0 di controllo.\r\n<br>\r\n<br>\r\nPu\u00f2 esercitare i Suoi diritti con richiesta scritta inviata a HELP, all\u2019indirizzo postale della sede legale o all\u2019indirizzo mail info@help-noprofit.org", "privacy_text_en": "<h3>Informativa resa ai sensi degli articoli 13-14 del GDPR 2016/679</h3>\r\n(General Data Protection Regulation)\r\n<br><br>\r\nAi sensi dell\u2019art. 13 del Regolamento UE 2016/679 ed in relazione alle informazioni di cui si entrer\u00e0 in possesso, ai fini della tutela delle persone e altri soggetti in materia di trattamento di dati personali, si informa quanto segue:\r\n<br>\r\nFinalit\u00e0 del Trattamento. I dati da Lei forniti verranno utilizzati allo scopo e per il fine di iscriverla alla newsletter dell\u2019associazione HELP per ricevere comunicazioni relative ai progetti e le attivit\u00e0 dell\u2019associazione.\r\n<br>\r\nModalit\u00e0 del Trattamento. Le modalit\u00e0 con la quale verranno trattati i dati personali contemplano l\u2019invio di email.\r\n<br>\r\nConferimento dei dati. Il conferimento dei dati per le finalit\u00e0 di cui al punto 1 sono obbligatori e l\u2019eventuale rifiuto dell\u2019autorizzazione comporta la mancata iscrizione alla newsletter\r\n<br>\r\nComunicazione e diffusione dei dati. i dati forniti non saranno soggetti a comunicazione n\u00e9 a diffusione\r\n<br>\r\nTitolare del Trattamento. Il titolare del trattamento dei dati personali \u00e8 Human Evolution for Landscape Protection ONLUS.\r\n<br>\r\nResponsabile del Trattamento. Sar\u00e0 responsabile del trattamento dei dati forniti la presidente, Chiara Cuatto, il vicepresidente, Giovanni Scardapane ed eventuali futuri fundraisers in aggiunta al gruppo.\r\n<br>\r\nDiritti dell\u2019interessato. In ogni momento, Lei potr\u00e0 esercitare, ai sensi degli articoli dal 15 al 22 del Regolamento UE n. 2016/679, il diritto di:\r\n<br>- chiedere la conferma dell\u2019esistenza o meno di propri dati personali;\r\n<br>- ottenere le indicazioni circa le finalit\u00e0 del trattamento, le categorie dei dati personali, i destinatari o le categorie di destinatari a cui i dati personali sono stati o saranno comunicati e, quando possibile, il periodo di conservazione;\r\n<br>- ottenere la rettifica e la cancellazione dei dati;\r\n<br>- ottenere la limitazione del trattamento;\r\n<br>- ottenere la portabilit\u00e0 dei dati, ossia riceverli da un titolare del trattamento, in un formato strutturato, di uso comune e leggibile da dispositivo automatico, e trasmetterli ad un altro titolare del trattamento senza impedimenti;\r\n<br>- opporsi al trattamento in qualsiasi momento ed anche nel caso di trattamento per finalit\u00e0 di marketing diretto;\r\n<br>- opporsi ad un processo decisionale automatizzato relativo alle persone fisiche, compresa la profilazione.\r\n<br>- chiedere al titolare del trattamento l\u2019accesso ai dati personali e la rettifica o la cancellazione degli stessi o la limitazione del trattamento che lo riguardano o di opporsi al loro trattamento, oltre al diritto alla portabilit\u00e0 dei dati;\r\n<br>- revocare il consenso in qualsiasi momento senza pregiudicare la liceit\u00e0 del trattamento basata sul consenso prestato prima della revoca;\r\n<br>- proporre reclamo a un\u2019autorit\u00e0 di controllo.\r\n<br>\r\n<br>\r\nPu\u00f2 esercitare i Suoi diritti con richiesta scritta inviata a HELP, all\u2019indirizzo postale della sede legale o all\u2019indirizzo mail info@help-noprofit.org"}}, {"model": "projects.projectcategory", "pk": 1, "fields": {"order": 0, "title": "Agricolture", "title_it": "Agricolture", "title_en": null, "subtitle": "sdafdsabf", "subtitle_it": "sdafdsabf", "subtitle_en": null, "description": "dsugf dou ssdfhofu dshfdsau fsdufu ufds ouf usdfufu sd dsugf dou ssdfhofu dshfdsau fsdufu ufds ouf usdfufu sddsugf dou ssdfhofu dshfdsau fsdufu ufds ouf usdfufu sd dsugf dou ssdfhofu dshfdsau fsdufu ufds ouf usdfufu sd", "description_it": "dsugf dou ssdfhofu dshfdsau fsdufu ufds ouf usdfufu sd dsugf dou ssdfhofu dshfdsau fsdufu ufds ouf usdfufu sddsugf dou ssdfhofu dshfdsau fsdufu ufds ouf usdfufu sd dsugf dou ssdfhofu dshfdsau fsdufu ufds ouf usdfufu sd", "description_en": null, "image": "permacultura.jpg"}}, {"model": "projects.projectcategory", "pk": 2, "fields": {"order": 1, "title": "Ambiente", "title_it": "Ambiente", "title_en": null, "subtitle": "afsdsf fdsfdsaf fdsfasdf", "subtitle_it": "afsdsf fdsfdsaf fdsfasdf", "subtitle_en": null, "description": "dsugf dou ssdfhofu dshfdsau fsdufu ufds ouf usdfufu sd dsugf dou ssdfhofu dshfdsau fsdufu ufds ouf usdfufu sd dsugf dou ssdfhofu dshfdsau fsdufu ufds ouf usdfufu sddsugf dou ssdfhofu dshfdsau fsdufu ufds ouf usdfufu sd", "description_it": "dsugf dou ssdfhofu dshfdsau fsdufu ufds ouf usdfufu sd dsugf dou ssdfhofu dshfdsau fsdufu ufds ouf usdfufu sd dsugf dou ssdfhofu dshfdsau fsdufu ufds ouf usdfufu sddsugf dou ssdfhofu dshfdsau fsdufu ufds ouf usdfufu sd", "description_en": null, "image": "ambiente.jpeg"}}, {"model": "projects.projectcategory", "pk": 3, "fields": {"order": 2, "title": "Sociale", "title_it": "Sociale", "title_en": null, "subtitle": "sdf sdfads sdfaf fs fsd fsd sdfssf sda", "subtitle_it": "sdf sdfads sdfaf fs fsd fsd sdfssf sda", "subtitle_en": null, "description": "dsugf dou ssdfhofu dshfdsau fsdufu ufds ouf usdfufu sddsugf dou ssdfhofu dshfdsau fsdufu ufds ouf usdfufu sddsugf dou ssdfhofu dshfdsau fsdufu ufds ouf usdfufu sddsugf dou ssdfhofu dshfdsau fsdufu ufds ouf usdfufu sddsugf dou ssdfhofu dshfdsau fsdufu ufds ouf usdfufu sddsugf dou ssdfhofu dshfdsau fsdufu ufds ouf usdfufu sd", "description_it": "dsugf dou ssdfhofu dshfdsau fsdufu ufds ouf usdfufu sddsugf dou ssdfhofu dshfdsau fsdufu ufds ouf usdfufu sddsugf dou ssdfhofu dshfdsau fsdufu ufds ouf usdfufu sddsugf dou ssdfhofu dshfdsau fsdufu ufds ouf usdfufu sddsugf dou ssdfhofu dshfdsau fsdufu ufds ouf usdfufu sddsugf dou ssdfhofu dshfdsau fsdufu ufds ouf usdfufu sd", "description_en": null, "image": "homeless.jpg"}}, {"model": "projects.projectcategory", "pk": 4, "fields": {"order": 3, "title": "Energia", "title_it": "Energia", "title_en": null, "subtitle": "sdfadsugf dou ssdfhofu dshfdsau fsdufu ufds ouf usdfufu sd", "subtitle_it": "sdfadsugf dou ssdfhofu dshfdsau fsdufu ufds ouf usdfufu sd", "subtitle_en": null, "description": "dsugf dou ssdfhofu dshfdsau fsdufu ufds ouf usdfufu sddsugf dou ssdfhofu dshfdsau fsdufu ufds ouf usdfufu sddsugf dou ssdfhofu dshfdsau fsdufu ufds ouf usdfufu sddsugf dou ssdfhofu dshfdsau fsdufu ufds ouf usdfufu sddsugf dou ssdfhofu dshfdsau fsdufu ufds ouf usdfufu sddsugf dou ssdfhofu dshfdsau fsdufu ufds ouf usdfufu sddsugf dou ssdfhofu dshfdsau fsdufu ufds ouf usdfufu sd", "description_it": "dsugf dou ssdfhofu dshfdsau fsdufu ufds ouf usdfufu sddsugf dou ssdfhofu dshfdsau fsdufu ufds ouf usdfufu sddsugf dou ssdfhofu dshfdsau fsdufu ufds ouf usdfufu sddsugf dou ssdfhofu dshfdsau fsdufu ufds ouf usdfufu sddsugf dou ssdfhofu dshfdsau fsdufu ufds ouf usdfufu sddsugf dou ssdfhofu dshfdsau fsdufu ufds ouf usdfufu sddsugf dou ssdfhofu dshfdsau fsdufu ufds ouf usdfufu sd", "description_en": null, "image": "energy.jpeg"}}, {"model": "projects.projectcategory", "pk": 5, "fields": {"order": 4, "title": "Economia", "title_it": "Economia", "title_en": null, "subtitle": "dsugf dou ssdfhofu dshfdsau fsdufu ufds ouf usdfufu sd", "subtitle_it": "dsugf dou ssdfhofu dshfdsau fsdufu ufds ouf usdfufu sd", "subtitle_en": null, "description": "dsugf dou ssdfhofu dshfdsau fsdufu ufds ouf usdfufu sddsugf dou ssdfhofu dshfdsau fsdufu ufds ouf usdfufu sddsugf dou ssdfhofu dshfdsau fsdufu ufds ouf usdfufu sddsugf dou ssdfhofu dshfdsau fsdufu ufds ouf usdfufu sd", "description_it": "dsugf dou ssdfhofu dshfdsau fsdufu ufds ouf usdfufu sddsugf dou ssdfhofu dshfdsau fsdufu ufds ouf usdfufu sddsugf dou ssdfhofu dshfdsau fsdufu ufds ouf usdfufu sddsugf dou ssdfhofu dshfdsau fsdufu ufds ouf usdfufu sd", "description_en": null, "image": "economia.jpeg"}}, {"model": "projects.project", "pk": 1, "fields": {"order": 0, "title": "progetto pilota", "title_it": "progetto pilota", "title_en": "pilot project", "slug": "progetto-pilota", "slug_it": "progetto-pilota", "slug_en": "pilot-project", "subtitle": "una sartoria sociale e una residenza da una casa di paese inutilizzata", "subtitle_it": "una sartoria sociale e una residenza da una casa di paese inutilizzata", "subtitle_en": null, "description": "dsohafo fdsohf osdhafhu fsds0hf0sdahf0 dhfd0siafh fds0if0 ds0df0isda0if sad0ifh0sdiafi0dsh0i fsdi0hf0isd0fh0sd hf0ds0isd0ihfd ih fgfha0ghf0daghf dfgdigfdhg dgghdf gdgdfh\r\ndsohafo fdsohf osdhafhu fsds0hf0sdahf0 dhfd0siafh fds0if0 ds0df0isda0if sad0ifh0sdiafi0dsh0i fsdi0hf0isd0fh0sd hf0ds0isd0ihfd ih fgfha0ghf0daghf dfgdigfdhg dgghdf gdgdfh\r\ndsohafo fdsohf osdhafhu fsds0hf0sdahf0 dhfd0siafh fds0if0 ds0df0isda0if sad0ifh0sdiafi0dsh0i fsdi0hf0isd0fh0sd hf0ds0isd0ihfd ih fgfha0ghf0daghf dfgdigfdhg dgghdf gdgdfh\r\ndsohafo fdsohf osdhafhu fsds0hf0sdahf0 dhfd0siafh fds0if0 ds0df0isda0if sad0ifh0sdiafi0dsh0i", "description_it": "dsohafo fdsohf osdhafhu fsds0hf0sdahf0 dhfd0siafh fds0if0 ds0df0isda0if sad0ifh0sdiafi0dsh0i fsdi0hf0isd0fh0sd hf0ds0isd0ihfd ih fgfha0ghf0daghf dfgdigfdhg dgghdf gdgdfh\r\ndsohafo fdsohf osdhafhu fsds0hf0sdahf0 dhfd0siafh fds0if0 ds0df0isda0if sad0ifh0sdiafi0dsh0i fsdi0hf0isd0fh0sd hf0ds0isd0ihfd ih fgfha0ghf0daghf dfgdigfdhg dgghdf gdgdfh\r\ndsohafo fdsohf osdhafhu fsds0hf0sdahf0 dhfd0siafh fds0if0 ds0df0isda0if sad0ifh0sdiafi0dsh0i fsdi0hf0isd0fh0sd hf0ds0isd0ihfd ih fgfha0ghf0daghf dfgdigfdhg dgghdf gdgdfh\r\ndsohafo fdsohf osdhafhu fsds0hf0sdahf0 dhfd0siafh fds0if0 ds0df0isda0if sad0ifh0sdiafi0dsh0i", "description_en": null, "thumbnail": "No_Borders__3_r2Oq57t.png", "category": 3, "country": "Italia", "country_it": "Italia", "country_en": null, "region": "Abruzzo", "region_it": "Abruzzo", "region_en": null, "city": "Tufillo (CH)", "city_it": "Tufillo (CH)", "city_en": null, "address": "corso Italia n. 5", "address_it": "corso Italia n. 5", "address_en": null, "latitude": "14.6271600000000000", "longitude": "41.9148330000000000", "budget": 250000.0}}, {"model": "projects.project", "pk": 40, "fields": {"order": 1, "title": "evvai!!!", "title_it": "evvai!!!", "title_en": null, "slug": "evvai", "slug_it": "evvai", "slug_en": null, "subtitle": null, "subtitle_it": null, "subtitle_en": null, "description": null, "description_it": null, "description_en": null, "thumbnail": "", "category": null, "country": null, "country_it": null, "country_en": null, "region": null, "region_it": null, "region_en": null, "city": null, "city_it": null, "city_en": null, "address": null, "address_it": null, "address_en": null, "latitude": null, "longitude": null, "budget": null}}, {"model": "projects.project", "pk": 41, "fields": {"order": 2, "title": "non ci posso credere!!??!!!", "title_it": "non ci posso credere!!??!!!", "title_en": null, "slug": "non-ci-posso-credere", "slug_it": "non-ci-posso-credere", "slug_en": null, "subtitle": null, "subtitle_it": null, "subtitle_en": null, "description": null, "description_it": null, "description_en": null, "thumbnail": "", "category": null, "country": null, "country_it": null, "country_en": null, "region": null, "region_it": null, "region_en": null, "city": null, "city_it": null, "city_en": null, "address": null, "address_it": null, "address_en": null, "latitude": null, "longitude": null, "budget": null}}, {"model": "projects.project", "pk": 42, "fields": {"order": 7, "title": "oooohy", "title_it": "oooohy", "title_en": null, "slug": "oooohy", "slug_it": "oooohy", "slug_en": null, "subtitle": null, "subtitle_it": null, "subtitle_en": null, "description": null, "description_it": null, "description_en": null, "thumbnail": "", "category": null, "country": null, "country_it": null, "country_en": null, "region": null, "region_it": null, "region_en": null, "city": null, "city_it": null, "city_en": null, "address": null, "address_it": null, "address_en": null, "latitude": null, "longitude": null, "budget": null}}, {"model": "projects.project", "pk": 43, "fields": {"order": 13, "title": "porta sfiga", "title_it": "porta sfiga", "title_en": null, "slug": "porta-sfiga", "slug_it": "porta-sfiga", "slug_en": null, "subtitle": null, "subtitle_it": null, "subtitle_en": null, "description": null, "description_it": null, "description_en": null, "thumbnail": "", "category": null, "country": null, "country_it": null, "country_en": null, "region": null, "region_it": null, "region_en": null, "city": null, "city_it": null, "city_en": null, "address": null, "address_it": null, "address_en": null, "latitude": null, "longitude": null, "budget": null}}, {"model": "core.message", "pk": 4, "fields": {"text": "Member Exists", "topic": null, "text_to_users": "Il tuo indirizzo email \u00e8 gi\u00e0 presente nella nostra lista, grazie per esserti registrato, a presto!", "text_to_users_it": "Il tuo indirizzo email \u00e8 gi\u00e0 presente nella nostra lista, grazie per esserti registrato, a presto!", "text_to_users_en": "You email has been already registered, thank you for your subscription, se you soon!"}}, {"model": "core.message", "pk": 5, "fields": {"text": "Subscription success", "topic": null, "text_to_users": "Subscription success", "text_to_users_it": "Subscription success", "text_to_users_en": null}}, {"model": "core.message", "pk": 6, "fields": {"text": "Forgotten Email Not Subscribed", "topic": null, "text_to_users": "Forgotten Email Not Subscribed", "text_to_users_it": "Forgotten Email Not Subscribed", "text_to_users_en": null}}, {"model": "core.message", "pk": 7, "fields": {"text": "Member In Compliance State", "topic": null, "text_to_users": "Member In Compliance State", "text_to_users_it": "Member In Compliance State", "text_to_users_en": null}}, {"model": "core.message", "pk": 8, "fields": {"text": "required", "topic": "contact_form", "text_to_users": "Questo campo \u00e8 obbligatorio", "text_to_users_it": "Questo campo \u00e8 obbligatorio", "text_to_users_en": "This field is required"}}, {"model": "core.message", "pk": 9, "fields": {"text": "max_length", "topic": "contact_form", "text_to_users": "Lunghezza massima superata", "text_to_users_it": "Lunghezza massima superata", "text_to_users_en": null}}, {"model": "core.message", "pk": 10, "fields": {"text": "email", "topic": "contact_form", "text_to_users": "Inserire un indirizzo e-mail valido", "text_to_users_it": "Inserire un indirizzo e-mail valido", "text_to_users_en": null}}, {"model": "core.message", "pk": 11, "fields": {"text": "agreement", "topic": "contact_form", "text_to_users": "Devi accettare per continuare", "text_to_users_it": "Devi accettare per continuare", "text_to_users_en": "You must agree to continue!"}}, {"model": "core.message", "pk": 18, "fields": {"text": "Contact success", "topic": null, "text_to_users": "Contact success", "text_to_users_it": "Contact success", "text_to_users_en": null}}, {"model": "core.message", "pk": 19, "fields": {"text": "", "topic": null, "text_to_users": "", "text_to_users_it": "", "text_to_users_en": null}}, {"model": "core.message", "pk": 20, "fields": {"text": "Some errors occurred when sending the message, try again later.", "topic": null, "text_to_users": "Some errors occurred when sending the message, try again later.", "text_to_users_it": "Some errors occurred when sending the message, try again later.", "text_to_users_en": null}}, {"model": "core.message", "pk": 21, "fields": {"text": "Invalid Resource", "topic": null, "text_to_users": "Invalid Resource", "text_to_users_it": "Invalid Resource", "text_to_users_en": null}}, {"model": "core.message", "pk": 22, "fields": {"text": "Some errors occurred when sending the message: Connection unexpectedly closed: timed out.\nTry again later.", "topic": null, "text_to_users": "Some errors occurred when sending the message: Connection unexpectedly closed: timed out.\nTry again later.", "text_to_users_it": "Some errors occurred when sending the message: Connection unexpectedly closed: timed out.\nTry again later.", "text_to_users_en": null}}, {"model": "core.message", "pk": 23, "fields": {"text": "Connection unexpectedly closed: timed out", "topic": null, "text_to_users": "Connection unexpectedly closed: timed out", "text_to_users_it": "Connection unexpectedly closed: timed out", "text_to_users_en": null}}, {"model": "core.message", "pk": 24, "fields": {"text": "Connection unexpectedly closed", "topic": null, "text_to_users": "Connection unexpectedly closed", "text_to_users_it": "Connection unexpectedly closed", "text_to_users_en": null}}, {"model": "core.label", "pk": 1, "fields": {"topic": "contact_form", "item": "first_name", "label": "nome", "label_it": "nome", "label_en": "first name"}}, {"model": "core.label", "pk": 2, "fields": {"topic": "contact_form", "item": "last_name", "label": "cognome", "label_it": "cognome", "label_en": "last name"}}, {"model": "core.label", "pk": 3, "fields": {"topic": "contact_form", "item": "email", "label": "email", "label_it": "email", "label_en": null}}, {"model": "core.label", "pk": 4, "fields": {"topic": "contact_form", "item": "where_from", "label": "Da dove scrivi?", "label_it": "Da dove scrivi?", "label_en": "Where are you from?"}}, {"model": "core.label", "pk": 5, "fields": {"topic": "contact_form", "item": "age", "label": "et\u00e0", "label_it": "et\u00e0", "label_en": "age"}}, {"model": "core.label", "pk": 6, "fields": {"topic": "contact_form", "item": "object", "label": "oggetto", "label_it": "oggetto", "label_en": "object"}}, {"model": "core.label", "pk": 7, "fields": {"topic": "contact_form", "item": "message", "label": "messaggio", "label_it": "messaggio", "label_en": "message"}}, {"model": "core.label", "pk": 8, "fields": {"topic": "contact_form", "item": "news_agreement", "label": "Voglio iscriviermi alla newsletter", "label_it": "Voglio iscriviermi alla newsletter", "label_en": "sdggf gfd hgogfhidhgiofd"}}, {"model": "core.label", "pk": 9, "fields": {"topic": "contact_form", "item": "privacy_agreement", "label": "Accetto i termini del servizio", "label_it": "Accetto i termini del servizio", "label_en": "sdfadsfsdafsd"}}, {"model": "core.label", "pk": 10, "fields": {"topic": "contact_form", "item": "submit", "label": "Iscriviti", "label_it": "Iscriviti", "label_en": null}}]